stationCode,stationName,latitude,longitude,altitude,owner,ownerCode,startDate,endDate,probeHeight,rainGaugeHeight,model,capabilities.airTemperature,capabilities.batteryVoltage,capabilities.deltaT,capabilities.dewPoint,capabilities.panEvaporation,capabilities.relativeHumidity,capabilities.barometricPressure,capabilities.rainfall,capabilities.soilTemperature,capabilities.solarIrradiance,capabilities.wetBulb,capabilities.wind1,capabilities.wind2,capabilities.wind3,capabilities.apparentTemperature,capabilities.etoShort,capabilities.etoTall,capabilities.frostCondition,capabilities.heatCondition,capabilities.windErosionCondition,capabilities.richardsonUnit,capabilities.chillHour,online,status,comments,jobNumber
AN001,Allanooka,-29.063612,114.997161,131,WA Department of Primary Industries and Regional Development (DPIRD),DPIRD,2012-06-19,,1.25,0.5,Unidata NRL,Yes,Yes,Yes,Yes,Yes,Yes,No,Yes,No,Yes,Yes,Yes,No,No,Yes,Yes,Yes,Yes,Yes,Yes,Yes,Yes,Yes,open,,J3121
AM001,Amelup,-34.270827,118.268523,200,WA Department of Primary Industries and Regional Development (DPIRD),DPIRD,2019-10-09,,1.25,1,PDS YDOC CATM1,Yes,Yes,Yes,Yes,Yes,Yes,No,Yes,No,Yes,Yes,Yes,No,No,Yes,Yes,Yes,Yes,Yes,Yes,Yes,Yes,Yes,open,WMO number 99449,P0011
SH002,Babakin,-32.12548,118.00406,313,WA Department of Primary Industries and Regional Development (DPIRD),DPIRD,2016-06-22,,1.25,0.5,Unidata NRL,Yes,Yes,Yes,Yes,Yes,Yes,No,Yes,Yes,Yes,Yes,Yes,No,No,Yes,Yes,Yes,Yes,Yes,Yes,Yes,Yes,Yes,open,,J3451
BA,Badgingarra,-30.338049,115.539491,284,WA Department of Primary Industries and Regional Development (DPIRD),DPIRD,2008-11-19,,1.25,0.5,Unidata NRL from 6 Sep 2023,Yes,Yes,Yes,Yes,Yes,Yes,No,Yes,Yes,Yes,Yes,Yes,No,No,Yes,Yes,Yes,Yes,Yes,Yes,Yes,Yes,Yes,open,,J3315
BP001,Balingup,-33.7962,116.06398,227,WA Department of Primary Industries and Regional Development (DPIRD),DPIRD,2014-10-24,,1.25,0.5,Unidata NRL,Yes,Yes,Yes,Yes,Yes,Yes,No,Yes,Yes,Yes,Yes,Yes,No,No,Yes,Yes,Yes,Yes,Yes,Yes,Yes,Yes,Yes,open,,J3461
BE001,Beacon,-30.47333,117.88111,394,WA Department of Primary Industries and Regional Development (DPIRD),DPIRD,2012-06-27,,1.25,0.5,Unidata NRL,Yes,Yes,Yes,Yes,Yes,Yes,No,Yes,No,Yes,Yes,Yes,No,No,Yes,Yes,Yes,Yes,Yes,Yes,Yes,Yes,Yes,open,,N3108
ME004,Belka East,-31.7285278,118.2979722,294,WA Department of Primary Industries and Regional Development (DPIRD),DPIRD,2016-04-19,,1.25,0.5,Unidata NRL with sonic at 3m,Yes,Yes,Yes,Yes,Yes,Yes,No,Yes,Yes,Yes,Yes,Yes,No,No,Yes,Yes,Yes,Yes,Yes,Yes,Yes,Yes,Yes,open,E-demonstration site,J3759
BC001,Bencubbin,-30.818056,117.864758,350,WA Department of Primary Industries and Regional Development (DPIRD),DPIRD,2016-06-17,,1.25,0.5,Unidata NRL,Yes,Yes,Yes,Yes,Yes,Yes,No,Yes,Yes,Yes,Yes,Yes,No,No,Yes,Yes,Yes,Yes,Yes,Yes,Yes,Yes,Yes,open,,J3460
BB001,Bindi Bindi,-30.59319,116.3527,284,WA Department of Primary Industries and Regional Development (DPIRD),DPIRD,2012-06-22,,1.25,0.5,Unidata NRL,Yes,Yes,Yes,Yes,Yes,Yes,No,Yes,No,Yes,Yes,Yes,No,No,Yes,Yes,Yes,Yes,Yes,Yes,Yes,Yes,Yes,open,,J3099
ER002,Bindoo,-28.512249,115.216534,188,WA Department of Primary Industries and Regional Development (DPIRD),DPIRD,2019-10-02,,1.25,1,PDS YDOC CATM1,Yes,Yes,Yes,Yes,Yes,Yes,No,Yes,No,Yes,Yes,Yes,No,No,Yes,Yes,Yes,Yes,Yes,Yes,Yes,Yes,Yes,open,"24 June 2021: We are aware of the current outage at this station, repairs are planned for 2-3 July.
WMO number 99441.",P0003
BX001,Bindoon,-31.398,116.101,138,WA Department of Primary Industries and Regional Development (DPIRD),DPIRD,2012-11-29,,1.25,0.5,Unidata NRL,Yes,Yes,Yes,Yes,Yes,Yes,No,Yes,No,Yes,Yes,Yes,No,No,Yes,Yes,Yes,Yes,Yes,Yes,Yes,Yes,Yes,open,,N3178
BI,Binnu,-28.051,114.69575,277,WA Department of Primary Industries and Regional Development (DPIRD),DPIRD,2008-06-24,,1.25,0.5,Unidata NRL and SONIC @10m,Yes,Yes,Yes,Yes,Yes,Yes,No,Yes,Yes,Yes,Yes,Yes,Yes,No,Yes,Yes,Yes,Yes,Yes,Yes,Yes,Yes,Yes,open,"9 March 2022: Rainfall recorded since 20th February 2022 is suspected to be false. The rain gauge had become disconnected recently and recorded large amounts of false rainfall from 6th March onwards, which has been removed but may not be reflected in the rainfall totals until 10th March. Further rainfall back to 20th February may also be removed if confirmed to be false.",J3326
BI002,Binnu West,-28.014442,114.406062,248,WA Department of Primary Industries and Regional Development (DPIRD),DPIRD,2019-10-01,,1.25,1,PDS YDOC CATM1,Yes,Yes,Yes,Yes,Yes,Yes,No,Yes,No,Yes,Yes,Yes,No,No,Yes,Yes,Yes,Yes,Yes,Yes,Yes,Yes,Yes,open,WMO number 99420,P0001
BR,Bonnie Rock,-30.599684,118.531384,366,WA Department of Primary Industries and Regional Development (DPIRD),DPIRD,2008-11-13,,1.25,0.5,Unidata NRL,Yes,Yes,Yes,Yes,Yes,Yes,No,Yes,Yes,Yes,Yes,Yes,No,No,Yes,Yes,Yes,Yes,Yes,Yes,Yes,Yes,Yes,open,,J3313
DB002,Boyanup,-33.486286,115.72515,37,WA Department of Primary Industries and Regional Development (DPIRD),DPIRD,2023-02-13,,1.25,0.5,Unidata NRL  with sonic @3m,Yes,Yes,Yes,Yes,Yes,Yes,No,Yes,Yes,Yes,Yes,Yes,No,No,Yes,Yes,Yes,Yes,Yes,Yes,Yes,Yes,Yes,open,,J3252
BO001,Boyatup,-33.7599,123.124725,87,WA Department of Primary Industries and Regional Development (DPIRD),DPIRD,2015-12-01,,1.25,0.5,Unidata NRL,Yes,Yes,Yes,Yes,Yes,Yes,No,Yes,Yes,Yes,Yes,Yes,No,No,Yes,Yes,Yes,Yes,Yes,Yes,Yes,Yes,Yes,open,,J3453
BY001,Bremer Bay,-34.382888,119.32666,42,WA Department of Primary Industries and Regional Development (DPIRD),DPIRD,2016-06-22,,1.25,0.5,MEA Mk5,Yes,Yes,Yes,Yes,Yes,Yes,No,Yes,Yes,Yes,Yes,Yes,No,No,Yes,Yes,Yes,Yes,Yes,Yes,Yes,Yes,Yes,open,,J3448
BN001,Brookton,-32.3868,117.01348,269,WA Department of Primary Industries and Regional Development (DPIRD),DPIRD,2012-07-02,,1.25,0.5,Unidata NRL,Yes,Yes,Yes,Yes,Yes,Yes,No,Yes,No,Yes,Yes,Yes,No,No,Yes,Yes,Yes,Yes,Yes,Yes,Yes,Yes,Yes,open,Converted to Unidata NRL 26 Aug 2023,Y3098
BR010,Broome (Skuthorpe),-17.86165,122.4161,37,WA Department of Primary Industries and Regional Development (DPIRD),DPIRD,2020-03-26,,1.25,1,PDS YDOC CATM1,Yes,Yes,Yes,Yes,Yes,Yes,No,Yes,No,Yes,Yes,Yes,No,No,Yes,Yes,Yes,Yes,Yes,Yes,Yes,Yes,Yes,open,,P0018
BJ,Brunswick Junction,-33.270855,115.79648,17,Harvey Water,HW,2014-07-29,,1.25,0.5,Datataker 80,Yes,Yes,Yes,Yes,Yes,Yes,No,Yes,Yes,Yes,Yes,Yes,No,No,Yes,Yes,Yes,Yes,Yes,Yes,Yes,Yes,Yes,open,Owned by Harvey Water. Installed 30/7/2014.,
BT001,Buntine West,-29.93843,116.34875,345,WA Department of Primary Industries and Regional Development (DPIRD),DPIRD,2016-06-22,,1.25,0.5,Unidata NRL,Yes,Yes,Yes,Yes,Yes,Yes,No,Yes,Yes,Yes,Yes,Yes,No,No,Yes,Yes,Yes,Yes,Yes,Yes,Yes,Yes,Yes,open,,J3436
BK001,Burakin,-30.52964,117.18067,370,WA Department of Primary Industries and Regional Development (DPIRD),DPIRD,2016-06-22,,1.25,0.5,Unidata NRL,Yes,Yes,Yes,Yes,Yes,Yes,No,Yes,Yes,Yes,Yes,Yes,No,No,Yes,Yes,Yes,Yes,Yes,Yes,Yes,Yes,Yes,open,,J3464
SB001,Burracoppin South,-31.587553,118.698667,419,WA Department of Primary Industries and Regional Development (DPIRD),DPIRD,2012-06-05,,1.25,0.5,Unidata NRL,Yes,Yes,Yes,Yes,Yes,Yes,No,Yes,No,Yes,Yes,Yes,No,No,Yes,Yes,Yes,Yes,Yes,Yes,Yes,Yes,Yes,open,,J3092
CE001,Canna East,-28.849235,115.996978,337,WA Department of Primary Industries and Regional Development (DPIRD),DPIRD,2012-11-29,,1.25,0.5,Unidata NRL,Yes,Yes,Yes,Yes,Yes,Yes,No,Yes,No,Yes,Yes,Yes,No,No,Yes,Yes,Yes,Yes,Yes,Yes,Yes,Yes,Yes,open,16-17 Dec 2021: Station temporarily disabled while work is being done onsite to install an antenna tower,J3176
CL001,Capel,-33.60946667,115.6406667,44,WA Department of Primary Industries and Regional Development (DPIRD),DPIRD,2012-12-20,,1.25,0.5,Unidata NRL,Yes,Yes,Yes,Yes,Yes,Yes,No,Yes,No,Yes,Yes,Yes,No,No,Yes,Yes,Yes,Yes,Yes,Yes,Yes,Yes,Yes,open,Feb 2017: Missing rainfall for the month.,J3210
CE002,Carnamah East,-29.69999,116.14498,344,WA Department of Primary Industries and Regional Development (DPIRD),DPIRD,2019-10-04,,1.25,1,PDS YDOC CATM1,Yes,Yes,Yes,Yes,Yes,Yes,No,Yes,No,Yes,Yes,Yes,No,No,Yes,Yes,Yes,Yes,Yes,Yes,Yes,Yes,Yes,open,WMO number 99444,P0006
CA,Carnarvon 1,-24.851402,113.731443,14,WA Department of Primary Industries and Regional Development (DPIRD),DPIRD,2001-12-29,,1.25,0.5,Unidata NRL,Yes,Yes,Yes,Yes,Yes,Yes,No,Yes,Yes,Yes,Yes,Yes,No,No,Yes,Yes,Yes,Yes,Yes,Yes,Yes,Yes,Yes,open,,J3249
CA001,Cascade,-33.495591,121.137904,169,WA Department of Primary Industries and Regional Development (DPIRD),DPIRD,2012-07-18,,1.25,0.5,MEA,Yes,Yes,Yes,Yes,Yes,Yes,No,Yes,No,Yes,Yes,Yes,No,No,Yes,Yes,Yes,Yes,Yes,Yes,Yes,Yes,Yes,open,,J3110
CS003,Cascade NE,-33.13,121.18686,237,WA Department of Primary Industries and Regional Development (DPIRD),DPIRD,2016-01-12,,1.25,0.5,MEA Mk5,Yes,Yes,Yes,Yes,Yes,Yes,No,Yes,Yes,Yes,Yes,Yes,No,No,Yes,Yes,Yes,Yes,Yes,Yes,Yes,Yes,Yes,open,,J3446
CS002,Cascade NW,-33.3588,120.71417,245,WA Department of Primary Industries and Regional Development (DPIRD),DPIRD,2015-12-09,,1.25,0.5,MEA Mk5,Yes,Yes,Yes,Yes,Yes,Yes,No,Yes,Yes,Yes,Yes,Yes,No,No,Yes,Yes,Yes,Yes,Yes,Yes,Yes,Yes,Yes,open,Date note 9 June 2018: The station is affected by intermittent transmission outages and potential data errors.,J3445
CH,Chapman,-28.457779,114.776781,191,WA Department of Primary Industries and Regional Development (DPIRD),DPIRD,2008-11-19,,1.25,0.5,Unidata NRL,Yes,Yes,Yes,Yes,Yes,Yes,No,Yes,Yes,Yes,Yes,Yes,No,No,Yes,Yes,Yes,Yes,Yes,Yes,Yes,Yes,Yes,open,,J3308
CN001,Condingup,-33.752886,122.301357,99,WA Department of Primary Industries and Regional Development (DPIRD),DPIRD,2012-07-17,,1.25,0.5,Unidata NRL,Yes,Yes,Yes,Yes,Yes,Yes,No,Yes,Yes,Yes,Yes,Yes,No,No,Yes,Yes,Yes,Yes,Yes,Yes,Yes,Yes,Yes,open,,J3126
CP001,Coomalbidgup,-33.74698,121.281884,67,WA Department of Primary Industries and Regional Development (DPIRD),DPIRD,2012-11-29,,1.25,0.5,MEA,Yes,Yes,Yes,Yes,Yes,Yes,No,Yes,No,Yes,Yes,Yes,No,No,Yes,Yes,Yes,Yes,Yes,Yes,Yes,Yes,Yes,open,,J3181
CW001,Coorow,-29.93692095,115.9720375,275,WA Department of Primary Industries and Regional Development (DPIRD),DPIRD,2012-12-18,,1.25,0.5,Unidata NRL,Yes,Yes,Yes,Yes,Yes,Yes,No,Yes,No,Yes,Yes,Yes,No,No,Yes,Yes,Yes,Yes,Yes,Yes,Yes,Yes,Yes,open,,J3209
CD001,Cordering,-33.538306,116.606491,300,WA Department of Primary Industries and Regional Development (DPIRD),DPIRD,2012-12-04,,1.25,0.5,Unidata NRL,Yes,Yes,Yes,Yes,Yes,Yes,No,Yes,No,Yes,Yes,Yes,No,No,Yes,Yes,Yes,Yes,Yes,Yes,Yes,Yes,Yes,open,,J3189
CO001,Corrigin,-32.34565,117.8078,366,WA Department of Primary Industries and Regional Development (DPIRD),DPIRD,2012-04-17,,1.25,0.5,Unidata NRL,Yes,Yes,Yes,Yes,Yes,Yes,No,Yes,No,Yes,Yes,Yes,No,No,Yes,Yes,Yes,Yes,Yes,Yes,Yes,Yes,Yes,open,,J3088
CO002,Corrigin East,-32.32285,118.0856,269,WA Department of Primary Industries and Regional Development (DPIRD),DPIRD,2016-04-19,,1.25,0.5,Unidata NRL with sonic at 3m,Yes,Yes,Yes,Yes,Yes,Yes,No,Yes,Yes,Yes,Yes,Yes,No,No,Yes,Yes,Yes,Yes,Yes,Yes,Yes,Yes,Yes,open,E-demonstration site,J3755
CP002,Cowalellup,-34.142386,118.591089,282,WA Department of Primary Industries and Regional Development (DPIRD),DPIRD,2019-10-08,,1.25,1,PDS YDOC CATM1,Yes,Yes,Yes,Yes,Yes,Yes,No,Yes,No,Yes,Yes,Yes,No,No,Yes,Yes,Yes,Yes,Yes,Yes,Yes,Yes,Yes,open,WMO number 99446,P0008
CR001,Cranbrook Dam 3,-34.302798,117.576323,,Water Corporation (WaterCorp),WC,2023-08-04,,1.2,0.5,PDS YDOC,Yes,Yes,Yes,Yes,Yes,Yes,Yes,Yes,No,Yes,Yes,Yes,No,No,Yes,Yes,Yes,Yes,Yes,Yes,Yes,Yes,Yes,open,,W0004
BCAA,DBCA-A Portable,-33.935,115.0842,101,"WA Department of Biodiversity, Conservation and Attractions (DBCA)",DBCA,2021-01-23,,1.25,0.5,FTS Quick Deploy Portable RAWS,Yes,Yes,Yes,Yes,Yes,Yes,No,Yes,No,Yes,Yes,Yes,No,No,Yes,Yes,Yes,Yes,Yes,Yes,Yes,Yes,No,open,"WMO Number 99455. This station will be moved from time to time as needed. Please note the data history for this station will not all be for the current location, but as recorded at each previous location.",
BCAB,DBCA-B Portable,-30.2762,115.0925,61,"WA Department of Biodiversity, Conservation and Attractions (DBCA)",DBCA,2020-12-04,,1.25,0.5,FTS Quick Deploy Portable RAWS,Yes,Yes,Yes,Yes,Yes,Yes,No,Yes,No,Yes,Yes,Yes,No,No,Yes,Yes,Yes,Yes,Yes,Yes,Yes,Yes,Yes,open,"WMO Number 99456. This station will be moved from time to time as needed. Please note the data history for this station will not all be for the current location, but as recorded at each previous location.",
BTSA,DFES-A Portable,-25.055,115.2096,150,WA Department of Fire and Emergency Services (DFES),DFES,2020-04-21,,1.25,0.5,FTS Quick Deploy Portable RAWS,Yes,Yes,Yes,Yes,Yes,Yes,No,Yes,No,Yes,Yes,Yes,No,No,Yes,Yes,Yes,Yes,Yes,Yes,Yes,Yes,Yes,open,"WMO Number 99150. This station will be moved from time to time as needed. Please note the data history for this station will not all be for the current location, but as recorded at each previous location. Will be operating at Gascoyne Junction  from 15 Nov 2021. Previously located at West Toodyay until 28 Oct 2021.",
BTSB,DFES-B Talbot West,-31.9606,116.6898,358,WA Department of Fire and Emergency Services (DFES),DFES,2020-08-27,,1.25,0.5,FTS Quick Deploy Portable RAWS,Yes,Yes,Yes,Yes,Yes,Yes,No,Yes,No,Yes,Yes,Yes,No,No,Yes,Yes,Yes,Yes,Yes,Yes,Yes,Yes,Yes,open,"WMO Number 99457. This station will be moved from time to time as needed. Please note the data history for this station will not all be for the current location, but as recorded at each previous location.",
BTSC,DFES-C Portable,-27.6869,114.2618,162,WA Department of Fire and Emergency Services (DFES),DFES,2020-09-03,,1.25,0.5,FTS Quick Deploy Portable RAWS,Yes,Yes,Yes,Yes,Yes,Yes,No,Yes,No,Yes,Yes,Yes,No,No,Yes,Yes,Yes,Yes,Yes,Yes,Yes,Yes,Yes,open,"WMO Number 99458. This station will be moved from time to time as needed. Please note the data history for this station will not all be for the current location, but as recorded at each previous location. It was located at Lat -17.6405, Long 123.176 in the West Kimberley 3-25 Sept 2020.",
BTSD,DFES-D Boorabbin,-31.2144,120.2593,456,WA Department of Fire and Emergency Services (DFES),DFES,2020-09-14,,1.25,0.5,FTS Quick Deploy Portable RAWS,Yes,Yes,Yes,Yes,Yes,Yes,No,Yes,No,Yes,Yes,Yes,No,No,Yes,Yes,Yes,Yes,Yes,Yes,Yes,Yes,Yes,open,"WMO Number 99459. This station will be moved from time to time as needed. Please note the data history for this station will not all be for the current location, but as recorded at each previous location.",
BTSE,DFES-E Portable,-16.4202,126.4411,518,WA Department of Fire and Emergency Services (DFES),DFES,2021-01-03,,1.25,0.5,FTS Quick Deploy Portable RAWS,Yes,Yes,Yes,Yes,Yes,Yes,No,Yes,No,Yes,Yes,Yes,No,No,Yes,Yes,Yes,Yes,Yes,Yes,Yes,Yes,Yes,open,"WMO Number 99460. This station will be moved from time to time as needed. Please note the data history for this station will not all be for the current location, but as recorded at each previous location. It was located near Kwinana (at Lat -32.2197, Long 115.789) temporarily over 3-5 Jan 2021.",
BTSF,DFES-F Portable,-33.3424,116.1367,212,WA Department of Fire and Emergency Services (DFES),DFES,2022-02-06,,1.25,0.5,FTS Quick Deploy Portable RAWS,Yes,Yes,Yes,Yes,Yes,Yes,No,Yes,No,Yes,Yes,Yes,No,No,Yes,Yes,Yes,Yes,Yes,Yes,Yes,Yes,Yes,open,"WMO Number 99404. This station will be deployed when needed. Please note the data history for this station will not all be for the current location, but as recorded at each previous location.
From 5 May 2023: Koolinup ESC, Collie
6-10 Feb 2022: Located near Denmark at Lat -35.0298, Long 117.144",
BTSG,DFES-G Portable,-32.508,115.8137,8,WA Department of Fire and Emergency Services (DFES),DFES,2022-02-06,,1.25,0.5,FTS Quick Deploy Portable RAWS,Yes,Yes,Yes,Yes,Yes,Yes,No,Yes,No,Yes,Yes,Yes,No,No,Yes,Yes,Yes,Yes,Yes,Yes,Yes,Yes,Yes,open,"WMO Number 99405. This station will be deployed when needed. Please note the data history for this station will not all be for the current location, but as recorded at each previous location. 
From 2 May 2023: DFES Stake Hill
6-10 Feb 2022: Located near Denmark at Lat -34.9312, Long 117.179",
BTSI,DFES-I Portable,-19.2297,121.6167,40,WA Department of Fire and Emergency Services (DFES),DFES,2023-10-24,,1.25,0.5,FTS Quick Deploy Portable RAWS,Yes,Yes,Yes,Yes,Yes,Yes,No,Yes,No,Yes,Yes,Yes,No,No,Yes,Yes,Yes,Yes,Yes,Yes,Yes,Yes,Yes,open,"This station will be deployed as needed. Please note the data history for this station will not all be for the current location, but as recorded at each previous location. 

From 26/10/2023 15:30: Operating at Anna Plains.
From 25/10/2023 Operating at Kilto.",
DG001,Dandaragan East,-30.826939,115.763161,184,WA Department of Primary Industries and Regional Development (DPIRD),DPIRD,2020-12-15,,1.25,0.5,Unidata NRL (custom),Yes,Yes,Yes,Yes,Yes,Yes,No,Yes,Yes,Yes,Yes,Yes,No,No,Yes,Yes,Yes,Yes,Yes,Yes,Yes,Yes,Yes,open,,J3378
DA,Dardanup (Waterloo),-33.33677,115.783505,19,Harvey Water,HW,2010-03-15,,1.25,0.5,Datataker 80,Yes,Yes,Yes,Yes,Yes,Yes,No,Yes,Yes,Yes,Yes,Yes,No,No,Yes,Yes,Yes,Yes,Yes,Yes,Yes,Yes,Yes,open,Owned by Harvey Water.,
DA002,Dardanup 2,-33.38717,115.86655,263,WA Department of Primary Industries and Regional Development (DPIRD),DPIRD,2014-10-21,,1.25,0.5,Unidata NRL,Yes,Yes,Yes,Yes,Yes,Yes,No,Yes,Yes,Yes,Yes,Yes,No,No,Yes,Yes,Yes,Yes,Yes,Yes,Yes,Yes,Yes,open,,J3457
DK001,Darkan,-33.26455,116.8262,260,WA Department of Primary Industries and Regional Development (DPIRD),DPIRD,2012-07-03,,1.25,0.5,Unidata NRL,Yes,Yes,Yes,Yes,Yes,Yes,No,Yes,No,Yes,Yes,Yes,No,No,Yes,Yes,Yes,Yes,Yes,Yes,Yes,Yes,Yes,open,,J3113
DM001,Denmark,-34.95226,117.370933,26,WA Department of Primary Industries and Regional Development (DPIRD),DPIRD,2012-12-05,,1.25,0.5,MEA,Yes,Yes,Yes,Yes,Yes,Yes,No,Yes,No,Yes,Yes,Yes,No,No,Yes,Yes,Yes,Yes,Yes,Yes,Yes,Yes,Yes,open,,J3184
DP001,Dinninup,-33.800513,116.552662,267,WA Department of Primary Industries and Regional Development (DPIRD),DPIRD,2012-12-04,,1.25,0.5,Unidata NRL,Yes,Yes,Yes,Yes,Yes,Yes,No,Yes,No,Yes,Yes,Yes,No,No,Yes,Yes,Yes,Yes,Yes,Yes,Yes,Yes,Yes,open,,J3192
DB,Donnybrook,-33.541143,115.820985,71,WA Department of Primary Industries and Regional Development (DPIRD),DPIRD,2007-02-19,,1.25,0.5,Unidata NRL,Yes,Yes,Yes,Yes,Yes,Yes,No,Yes,Yes,Yes,Yes,Yes,No,No,Yes,Yes,Yes,Yes,Yes,Yes,Yes,Yes,Yes,open,,J3203
DR001,Dragon Rocks,-32.8497,119.038966,366,WA Department of Primary Industries and Regional Development (DPIRD),DPIRD,2012-11-29,,1.25,0.5,Unidata NRL,Yes,Yes,Yes,Yes,Yes,Yes,No,Yes,No,Yes,Yes,Yes,No,No,Yes,Yes,Yes,Yes,Yes,Yes,Yes,Yes,Yes,open,,J3180
TS002,Dudawa,-29.27243,115.725056,328,WA Department of Primary Industries and Regional Development (DPIRD),DPIRD,2016-06-17,,1.25,0.5,Unidata NRL,Yes,Yes,Yes,Yes,Yes,Yes,No,Yes,Yes,Yes,Yes,Yes,No,No,Yes,Yes,Yes,Yes,Yes,Yes,Yes,Yes,Yes,open,Extensively damaged by TC Seroja 11-12 April 2021,J3437
DU001,Dumbleyung,-33.322317,117.749167,277,WA Department of Primary Industries and Regional Development (DPIRD),DPIRD,2012-07-04,,1.25,0.5,Unidata NRL,Yes,Yes,Yes,Yes,Yes,Yes,No,Yes,No,Yes,Yes,Yes,No,No,Yes,Yes,Yes,Yes,Yes,Yes,Yes,Yes,Yes,open,,J3116
DU002,Dumbleyung GRDC,-33.33905,117.784184,302,WA Department of Primary Industries and Regional Development (DPIRD),DPIRD,2016-06-28,,1.25,0.5,MEA profile tower with UNIDATA Prologger,Yes,Yes,Yes,Yes,Yes,Yes,No,Yes,Yes,Yes,Yes,Yes,Yes,No,Yes,Yes,Yes,Yes,Yes,Yes,Yes,Yes,Yes,open,Originally for GRDC project.,J3386
EB,East Beverley,-32.142505,117.173785,243,WA Department of Primary Industries and Regional Development (DPIRD),DPIRD,2008-11-23,,1.25,0.5,Unidata NRL,Yes,Yes,Yes,Yes,Yes,Yes,No,Yes,Yes,Yes,Yes,Yes,No,No,Yes,Yes,Yes,Yes,Yes,Yes,Yes,Yes,Yes,open,,J3294
EJ001,Ejanding,-30.9932,117.1358,366,WA Department of Primary Industries and Regional Development (DPIRD),DPIRD,2012-06-14,,1.25,0.5,Unidata NRL,Yes,Yes,Yes,Yes,Yes,Yes,No,Yes,No,Yes,Yes,Yes,No,No,Yes,Yes,Yes,Yes,Yes,Yes,Yes,Yes,Yes,open,,J3096
EN001,Eneabba,-29.77764,115.31929,191,WA Department of Primary Industries and Regional Development (DPIRD),DPIRD,2012-06-14,,1.25,0.5,Unidata NRL,Yes,Yes,Yes,Yes,Yes,Yes,No,Yes,No,Yes,Yes,Yes,No,No,Yes,Yes,Yes,Yes,Yes,Yes,Yes,Yes,Yes,open,,J3117
ER,Eradu 2,-28.695861,114.980032,259,WA Department of Primary Industries and Regional Development (DPIRD),DPIRD,2008-11-19,,1.25,0.5,Unidata NRL,Yes,Yes,Yes,Yes,Yes,Yes,No,Yes,Yes,Yes,Yes,Yes,No,No,Yes,Yes,Yes,Yes,Yes,Yes,Yes,Yes,Yes,open,Data note 18 Feb 2017 to 26 June 2017: The station had ongoing faults during this period.,J3309
ES001,Erangy Springs,-28.84754,115.27215,259,WA Department of Primary Industries and Regional Development (DPIRD),DPIRD,2012-06-20,,1.25,0.5,Unidata NRL,Yes,Yes,Yes,Yes,Yes,Yes,No,Yes,No,Yes,Yes,Yes,No,No,Yes,Yes,Yes,Yes,Yes,Yes,Yes,Yes,Yes,open,,J3102
ES,Esperance Downs,-33.609175,121.795591,158,WA Department of Primary Industries and Regional Development (DPIRD),DPIRD,2001-05-24,,1.25,0.5,Unidata NRL,Yes,Yes,Yes,Yes,Yes,Yes,No,Yes,Yes,Yes,Yes,Yes,No,No,Yes,Yes,Yes,Yes,Yes,Yes,Yes,Yes,Yes,open,Located on Esperance Downs Research Station at Gibson.,J3295
FL,Floreat Park,-31.951181,115.792334,19,WA Department of Primary Industries and Regional Development (DPIRD),DPIRD,2008-11-14,,1.25,0.5,Unidata NRL,Yes,Yes,Yes,Yes,Yes,Yes,No,Yes,Yes,Yes,Yes,Yes,No,No,Yes,Yes,Yes,Yes,Yes,Yes,Yes,Yes,Yes,open,,Y3254
GI001,Fouracres,-34.30745,115.549422,35,WA Department of Primary Industries and Regional Development (DPIRD),DPIRD,2012-12-11,,1.25,0.5,Unidata NRL,Yes,Yes,Yes,Yes,Yes,Yes,No,Yes,No,Yes,Yes,Yes,No,No,Yes,Yes,Yes,Yes,Yes,Yes,Yes,Yes,Yes,open,,J3198
FR,Frankland,-34.36490058,116.9806311,224,WA Department of Primary Industries and Regional Development (DPIRD),DPIRD,2009-08-13,,1.25,0.5,Unidata NRL,Yes,Yes,Yes,Yes,Yes,Yes,No,Yes,Yes,Yes,Yes,Yes,No,No,Yes,Yes,Yes,Yes,Yes,Yes,Yes,Yes,Yes,open,,J3319
FR002,Frankland North,-34.237208,117.044738,313,WA Department of Primary Industries and Regional Development (DPIRD),DPIRD,2021-01-21,2022-09-01,1.25,0.5,Unidata NRL,Yes,Yes,Yes,Yes,Yes,Yes,No,Yes,No,Yes,Yes,Yes,No,No,Yes,Yes,Yes,Yes,Yes,Yes,Yes,Yes,Yes,open,"15 Mar 2023: Station redeployed as a standard DPIRD station.
1 Sep 2022: Ended trial of station with alternative communication technology. Note that although the minute data is trust-worthy, there are large data gaps during the trial period that make summary data for this period unusable.",J3293
GA001,Gairdner,-34.305433,119.09855,82,WA Department of Primary Industries and Regional Development (DPIRD),DPIRD,2012-07-19,,1.25,0.5,MEA,Yes,Yes,Yes,Yes,Yes,Yes,No,Yes,No,Yes,Yes,Yes,No,No,Yes,Yes,Yes,Yes,Yes,Yes,Yes,Yes,Yes,open,The wind direction prior to 16 Jan 2019 12pm is incorrect.,J3122
GW,Gingin West,-31.331817,115.603514,86,WA Department of Primary Industries and Regional Development (DPIRD),DPIRD,2008-01-30,,1.25,0.5,Unidata NRL,Yes,Yes,Yes,Yes,Yes,Yes,No,Yes,Yes,Yes,Yes,Yes,No,No,Yes,Yes,Yes,Yes,Yes,Yes,Yes,Yes,Yes,open,,J3297
GE001,Glen Eagle,-32.252814,116.141504,313,WA Department of Primary Industries and Regional Development (DPIRD),DPIRD,2015-07-31,,1.25,0.5,Unidata NRL,Yes,Yes,Yes,Yes,Yes,Yes,No,Yes,Yes,Yes,Yes,Yes,No,No,Yes,Yes,Yes,Yes,Yes,Yes,Yes,Yes,Yes,open,Installed 27/7/2015,J3435
GN002,Gnowangerup GRDC,-33.97145,118.01766,268,WA Department of Primary Industries and Regional Development (DPIRD),DPIRD,2016-06-28,,1.25,0.5,MEA profile tower with UNIDATA Prologger,Yes,Yes,Yes,Yes,Yes,Yes,No,Yes,Yes,Yes,Yes,Yes,Yes,No,Yes,Yes,Yes,Yes,Yes,Yes,Yes,Yes,Yes,open,Originally for GRDC project.,J3385
KL002,Goodlands,-30.034942,117.240167,372,WA Department of Primary Industries and Regional Development (DPIRD),DPIRD,2016-06-22,,1.25,0.5,Unidata NRL,Yes,Yes,Yes,Yes,Yes,Yes,No,Yes,Yes,Yes,Yes,Yes,No,No,Yes,Yes,Yes,Yes,Yes,Yes,Yes,Yes,Yes,open,,J3465
GP001,Grass Patch,-33.2649722,121.5751111,195,WA Department of Primary Industries and Regional Development (DPIRD),DPIRD,2016-04-19,,1.25,0.5,Unidata NRL with sonic at 3m,Yes,Yes,Yes,Yes,Yes,Yes,No,Yes,Yes,Yes,Yes,Yes,No,No,Yes,Yes,Yes,Yes,Yes,Yes,Yes,Yes,Yes,open,E-demonstration site,J3754
GU001,Gutha West,-29.058694,115.821458,335,WA Department of Primary Industries and Regional Development (DPIRD),DPIRD,2012-11-29,,1.25,0.5,Unidata NRL,Yes,Yes,Yes,Yes,Yes,Yes,No,Yes,No,Yes,Yes,Yes,No,No,Yes,Yes,Yes,Yes,Yes,Yes,Yes,Yes,Yes,open,,J3177
HV,Harvey,-33.062245,115.854561,28,Harvey Water,HW,2010-03-15,,1.25,0.5,Datataker 80,Yes,Yes,Yes,Yes,Yes,Yes,No,Yes,Yes,Yes,Yes,Yes,No,No,Yes,Yes,Yes,Yes,Yes,Yes,Yes,Yes,Yes,open,Owned by Harvey Water.,
NA002,Highbury East,-33.076893,117.451564,324,WA Department of Primary Industries and Regional Development (DPIRD),DPIRD,2016-06-22,,1.25,0.5,Unidata NRL,Yes,Yes,Yes,Yes,Yes,Yes,No,Yes,Yes,Yes,Yes,Yes,No,No,Yes,Yes,Yes,Yes,Yes,Yes,Yes,Yes,Yes,open,Station relocated a small distance on 24 May 2021 to enable 3G signal reception. Location is now a little higher in the landscape and less susceptible to frost to be more representative of surrounding areas (as the previous low location was susceptible to frost more than average).,J3447
HR,Holt Rock,-32.572418,119.501014,366,WA Department of Primary Industries and Regional Development (DPIRD),DPIRD,2008-12-03,,1.25,0.5,Unidata NRL,Yes,Yes,Yes,Yes,Yes,Yes,No,Yes,Yes,Yes,Yes,Yes,No,No,Yes,Yes,Yes,Yes,Yes,Yes,Yes,Yes,Yes,open,,J3304
HY001,Hyden,-32.44397,118.8528,366,WA Department of Primary Industries and Regional Development (DPIRD),DPIRD,2012-06-04,,1.25,0.5,Unidata NRL,Yes,Yes,Yes,Yes,Yes,Yes,No,Yes,No,Yes,Yes,Yes,No,No,Yes,Yes,Yes,Yes,Yes,Yes,Yes,Yes,Yes,open,,J3090
JA001,Jarrahdale,-32.33423,116.07547,228,WA Department of Primary Industries and Regional Development (DPIRD),DPIRD,2012-12-06,,1.25,0.5,Unidata NRL,Yes,Yes,Yes,Yes,Yes,Yes,No,Yes,No,Yes,Yes,Yes,No,No,Yes,Yes,Yes,Yes,Yes,Yes,Yes,Yes,Yes,open,14 July 2022: rain gauge appears to be blocked. Refer to nearby Jarrahdale 2 station for rainfall.,J3185
JA002,Jarrahdale 2,-32.35142,116.0495,202,WA Department of Primary Industries and Regional Development (DPIRD),DPIRD,2014-10-14,,1.25,0.5,Unidata NRL and 10m sonic wind,Yes,Yes,Yes,Yes,Yes,Yes,No,Yes,Yes,Yes,Yes,Yes,Yes,No,Yes,Yes,Yes,Yes,Yes,Yes,Yes,Yes,Yes,open,Open 14/10/2014.,J3430
JP001,Jerdacuttup,-33.77361,120.45667,98,WA Department of Primary Industries and Regional Development (DPIRD),DPIRD,2019-10-17,,1.25,1,PDS YDOC CATM1,Yes,Yes,Yes,Yes,Yes,Yes,No,Yes,No,Yes,Yes,Yes,No,No,Yes,Yes,Yes,Yes,Yes,Yes,Yes,Yes,Yes,open,WMO number 99452,P0014
JE,Jerramungup,-33.769800000000004,118.9124,304,WA Department of Primary Industries and Regional Development (DPIRD),DPIRD,2002-05-29,,1.25,0.5,MEA,Yes,Yes,Yes,Yes,Yes,Yes,No,Yes,Yes,Yes,Yes,Yes,No,No,Yes,Yes,Yes,Yes,Yes,Yes,Yes,Yes,Yes,open,,J3310
JE002,Jerramungup Town,-33.944644,118.913419,318,Water Corporation (WaterCorp),WC,2019-11-04,,1.25,1,PDS YDOC 3G/4G,Yes,Yes,Yes,Yes,Yes,Yes,No,Yes,No,Yes,Yes,Yes,No,No,Yes,Yes,Yes,Yes,Yes,Yes,Yes,Yes,Yes,open,The wind readings are currently not accurate due to close proximity to buildings and trees.,W0002
TU002,Jingalup,-34.09556,117.028213,255,WA Department of Primary Industries and Regional Development (DPIRD),DPIRD,2019-10-11,,1.25,1,PDS YDOC CATM1,Yes,Yes,Yes,Yes,Yes,Yes,No,Yes,No,Yes,Yes,Yes,No,No,Yes,Yes,Yes,Yes,Yes,Yes,Yes,Yes,Yes,open,WMO number 99448,P0010
JB001,Jurien Bay,-30.29605,115.2213,86,WA Department of Primary Industries and Regional Development (DPIRD),DPIRD,2012-06-14,,1.25,0.5,Unidata NRL,Yes,Yes,Yes,Yes,Yes,Yes,No,Yes,No,Yes,Yes,Yes,No,No,Yes,Yes,Yes,Yes,Yes,Yes,Yes,Yes,Yes,open,,J3120
KL,Kalannie,-30.343053,117.117319,305,WA Department of Primary Industries and Regional Development (DPIRD),DPIRD,2008-11-13,,1.25,0.5,Unidata NRL,Yes,Yes,Yes,Yes,Yes,Yes,No,Yes,Yes,Yes,Yes,Yes,No,No,Yes,Yes,Yes,Yes,Yes,Yes,Yes,Yes,Yes,open,,J3312
KARI,Karijini,-22.493556,118.47145,695,"WA Department of Biodiversity, Conservation and Attractions (DBCA)",DBCA,2014-02-12,,1.25,0.5,Televent,Yes,Yes,Yes,Yes,No,Yes,Yes,Yes,No,No,Yes,No,Yes,No,Yes,Yes,Yes,Yes,Yes,Yes,Yes,Yes,Yes,open,"Maintained by Department of Biodiversity, Conservation and Attractions.",
KR001,Karridale,-34.227964,115.143141,53,WA Department of Primary Industries and Regional Development (DPIRD),DPIRD,2012-12-13,,1.25,0.5,Unidata NRL,Yes,Yes,Yes,Yes,Yes,Yes,No,Yes,Yes,Yes,Yes,Yes,No,No,Yes,Yes,Yes,Yes,Yes,Yes,Yes,Yes,Yes,open,,J3196
KA,Katanning,-33.683085,117.611931,317,WA Department of Primary Industries and Regional Development (DPIRD),DPIRD,2004-05-20,,1.25,0.5,MEA,Yes,Yes,Yes,Yes,Yes,Yes,No,Yes,Yes,Yes,Yes,Yes,No,No,Yes,Yes,Yes,Yes,Yes,Yes,Yes,Yes,Yes,open,,J3250
KA002,Katanning GRDC,-33.8125,117.5785,344,WA Department of Primary Industries and Regional Development (DPIRD),DPIRD,2016-06-28,,1.25,0.5,MEA profile tower with UNIDATA Prologger,Yes,Yes,Yes,Yes,Yes,Yes,No,Yes,Yes,Yes,Yes,Yes,Yes,No,Yes,Yes,Yes,Yes,Yes,Yes,Yes,Yes,Yes,open,,J3387
KA003,Katanning NG In,-33.683424,117.582187,325,WA Department of Primary Industries and Regional Development (DPIRD),DPIRD,2016-04-08,,1.25,0.5,MEA Mk4,Yes,Yes,Yes,Yes,Yes,Yes,No,Yes,Yes,Yes,Yes,Yes,No,No,Yes,Yes,Yes,Yes,Yes,Yes,Yes,Yes,Yes,open,Located at the New Genes site inside the netting enclosure. Weather measurements may be different from the station located outside the enclosure.,J3463
KA004,Katanning NG Out,-33.683383,117.582009,325,WA Department of Primary Industries and Regional Development (DPIRD),DPIRD,2016-04-08,,1.25,0.5,MEA Mk4,Yes,Yes,Yes,Yes,Yes,Yes,No,Yes,Yes,Yes,Yes,Yes,No,No,Yes,Yes,Yes,Yes,Yes,Yes,Yes,Yes,Yes,open,Located at the New Genes site outside of the netting enclosure. Weather measurements may be different from the station inside the enclosure.,J3462
KE001,Kellerberrin,-31.6179,117.7203,257,WA Department of Primary Industries and Regional Development (DPIRD),DPIRD,2012-06-05,,1.25,0.5,Unidata NRL,Yes,Yes,Yes,Yes,Yes,Yes,No,Yes,No,Yes,Yes,Yes,No,No,Yes,Yes,Yes,Yes,Yes,Yes,Yes,Yes,Yes,open,,J3091
KE002,Kellerberrin North,-31.32719,117.77972,349,WA Department of Primary Industries and Regional Development (DPIRD),DPIRD,2016-06-22,,1.25,0.5,Unidata NRL,Yes,Yes,Yes,Yes,Yes,Yes,No,Yes,Yes,Yes,Yes,Yes,No,No,Yes,Yes,Yes,Yes,Yes,Yes,Yes,Yes,Yes,open,,J3459
MB002,Kendenup West,-34.45003,117.498986,265,WA Department of Primary Industries and Regional Development (DPIRD),DPIRD,2016-04-22,,1.25,0.5,Unidata NRL with sonic at 3m,Yes,Yes,Yes,Yes,Yes,Yes,No,Yes,Yes,Yes,Yes,Yes,No,No,Yes,Yes,Yes,Yes,Yes,Yes,Yes,Yes,Yes,open,E-demonstration site,J3753
BG001,Kings Park,-31.95887,115.83821,57,WA Department of Primary Industries and Regional Development (DPIRD),DPIRD,2014-10-31,,1.25,0.5,Unidata NRL,Yes,Yes,Yes,Yes,Yes,Yes,No,Yes,Yes,Yes,Yes,Yes,No,No,Yes,Yes,Yes,Yes,Yes,Yes,Yes,Yes,Yes,open,,N3466
KO002,Kojaneerup South,-34.575486,118.260501,159,WA Department of Primary Industries and Regional Development (DPIRD),DPIRD,2019-10-10,,1.25,1,PDS YDOC CATM1,Yes,Yes,Yes,Yes,Yes,Yes,No,Yes,No,Yes,Yes,Yes,No,No,Yes,Yes,Yes,Yes,Yes,Yes,Yes,Yes,Yes,open,WMO number 99445,P0007
KD001,Kondinin,-32.46288,118.2694,291,WA Department of Primary Industries and Regional Development (DPIRD),DPIRD,2012-06-04,,1.25,0.5,Unidata NRL,Yes,Yes,Yes,Yes,Yes,Yes,No,Yes,No,Yes,Yes,Yes,No,No,Yes,Yes,Yes,Yes,Yes,Yes,Yes,Yes,Yes,open,,J3097
KO001,Koorda,-30.828382,117.501453,366,WA Department of Primary Industries and Regional Development (DPIRD),DPIRD,2012-05-29,,1.25,0.5,Unidata NRL,Yes,Yes,Yes,Yes,Yes,Yes,No,Yes,No,Yes,Yes,Yes,No,No,Yes,Yes,Yes,Yes,Yes,Yes,Yes,Yes,Yes,open,,J3107
KI001,Kulin,-32.790382,118.301848,323,WA Department of Primary Industries and Regional Development (DPIRD),DPIRD,2014-11-12,,1.25,0.5,Unidata NRL,Yes,Yes,Yes,Yes,Yes,Yes,No,Yes,Yes,Yes,Yes,Yes,No,No,Yes,Yes,Yes,Yes,Yes,Yes,Yes,Yes,Yes,open,Original Rotroninc T/RH probe replaced with Vaisala HMP 110 from 27 July 2017.,J3432
SG002,Kumarl,-32.728013,121.552688,264,WA Department of Primary Industries and Regional Development (DPIRD),DPIRD,2019-10-15,,1.25,1,PDS YDOC CATM1,Yes,Yes,Yes,Yes,Yes,Yes,No,Yes,No,Yes,Yes,Yes,No,No,Yes,Yes,Yes,Yes,Yes,Yes,Yes,Yes,Yes,open,"WMO number 99453. 
24 Nov 2021: We are currently working to resolve technical issues at this site and expect to have it online by the end of the week.",P0015
KN,Kununurra,-15.65758333,128.7152778,32,WA Department of Primary Industries and Regional Development (DPIRD),DPIRD,2005-10-12,,1.25,0.5,Unidata NRL and sonic @ 3m,Yes,Yes,Yes,Yes,Yes,Yes,No,Yes,Yes,Yes,Yes,Yes,No,No,Yes,Yes,Yes,Yes,Yes,Yes,Yes,Yes,Yes,open,,J3305
KW001,Kweda,-32.3153,117.41553,293,WA Department of Primary Industries and Regional Development (DPIRD),DPIRD,2014-11-13,,1.25,0.5,Unidata NRL,Yes,Yes,Yes,Yes,Yes,Yes,No,Yes,Yes,Yes,Yes,Yes,No,No,Yes,Yes,Yes,Yes,Yes,Yes,Yes,Yes,Yes,open,,J3428
LK,Lake King,-33.024003,119.812713,334,WA Department of Primary Industries and Regional Development (DPIRD),DPIRD,2008-12-03,,1.25,0.5,MEA,Yes,Yes,Yes,Yes,Yes,Yes,No,Yes,Yes,Yes,Yes,Yes,No,No,Yes,Yes,Yes,Yes,Yes,Yes,Yes,Yes,Yes,open,17/02/2023: Location changed a little (but located on the same property). Elevation above sea level is now about 1m higher that previously.,J3301
LE,Lancelin East,-30.8862,115.40775,98,WA Department of Primary Industries and Regional Development (DPIRD),DPIRD,2005-03-16,,1.25,0.5,Unidata NRL and SONIC @10m,Yes,Yes,Yes,Yes,Yes,Yes,No,Yes,Yes,Yes,Yes,Yes,Yes,No,Yes,Yes,Yes,Yes,Yes,Yes,Yes,Yes,Yes,open,,J3325
LA001,Latham,-29.7974,116.5539,305,WA Department of Primary Industries and Regional Development (DPIRD),DPIRD,2012-06-22,,1.25,0.5,Unidata NRL,Yes,Yes,Yes,Yes,Yes,Yes,No,Yes,No,Yes,Yes,Yes,No,No,Yes,Yes,Yes,Yes,Yes,Yes,Yes,Yes,Yes,open,,J3103
LAWS,Lawson Road,-33.894133,115.4506,173,"WA Department of Biodiversity, Conservation and Attractions (DBCA)",DBCA,2016-12-21,,55,55,Vaisala multi-weather probe head mounted on a tower,Yes,Yes,Yes,Yes,No,Yes,Yes,Yes,No,No,Yes,No,No,Yes,Yes,Yes,Yes,Yes,Yes,Yes,Yes,Yes,Yes,open,"Maintained by Department of Biodiversity, Conservation and Attractions. Note: Rainfall recordings prior to 19 Sept 2017 are incorrect.",
LG,Logue Brook,-32.99347,115.93958,201,Harvey Water,HW,2015-05-20,,1.25,0.5,Datataker 80,Yes,Yes,Yes,Yes,Yes,Yes,No,Yes,Yes,Yes,Yes,Yes,No,No,Yes,Yes,Yes,Yes,Yes,Yes,Yes,Yes,Yes,open,Owned by Harvey Water. Installed 17 May 2015,
DN001,Lort River,-33.504677,121.388708,178,WA Department of Primary Industries and Regional Development (DPIRD),DPIRD,2019-10-16,,1.25,1,PDS YDOC CATM1,Yes,Yes,Yes,Yes,Yes,Yes,No,Yes,No,Yes,Yes,Yes,No,No,Yes,Yes,Yes,Yes,Yes,Yes,Yes,Yes,Yes,open,WMO number 99450,P0012
MG001,Magenta,-33.27912,119.16365,334,WA Department of Primary Industries and Regional Development (DPIRD),DPIRD,2012-07-16,,1.25,0.5,Unidata NRL,Yes,Yes,Yes,Yes,Yes,Yes,No,Yes,No,Yes,Yes,Yes,No,No,Yes,Yes,Yes,Yes,Yes,Yes,Yes,Yes,Yes,open,,J3093
MA002,Manjimup HRS,-34.299334,116.127309,280,WA Department of Primary Industries and Regional Development (DPIRD),DPIRD,2012-12-20,,1.25,0.5,Unidata NRL,Yes,Yes,Yes,Yes,Yes,Yes,No,Yes,Yes,Yes,Yes,Yes,No,No,Yes,Yes,Yes,Yes,Yes,Yes,Yes,Yes,Yes,open,,J3205
MP,Manypeaks,-34.779832999999996,118.217167,124,WA Department of Primary Industries and Regional Development (DPIRD),DPIRD,2008-12-04,,1.25,0.5,MEA,Yes,Yes,Yes,Yes,Yes,Yes,No,Yes,Yes,Yes,Yes,Yes,No,No,Yes,Yes,Yes,Yes,Yes,Yes,Yes,Yes,Yes,open,,J3253
MR002,Margaret River,-33.971865,115.105013,102,WA Department of Primary Industries and Regional Development (DPIRD),DPIRD,2012-10-08,,1.25,0.5,Unidata NRL,Yes,Yes,Yes,Yes,Yes,Yes,No,Yes,No,Yes,Yes,Yes,No,No,Yes,Yes,Yes,Yes,Yes,Yes,Yes,Yes,Yes,open,,J3194
BW001,Marradong,-32.85485,116.44993,267,WA Department of Primary Industries and Regional Development (DPIRD),DPIRD,2012-12-03,,1.25,0.5,Unidata NRL,Yes,Yes,Yes,Yes,Yes,Yes,No,Yes,No,Yes,Yes,Yes,No,No,Yes,Yes,Yes,Yes,Yes,Yes,Yes,Yes,Yes,open,Original Rotronic T/RH probe replaced with Vaisala HMP 110 from 1 Aug 2017.,J3182
MS001,Mayanup South,-34.030905,116.512452,256,WA Department of Primary Industries and Regional Development (DPIRD),DPIRD,2012-12-05,,1.25,0.5,Unidata NRL,Yes,Yes,Yes,Yes,Yes,Yes,No,Yes,No,Yes,Yes,Yes,No,No,Yes,Yes,Yes,Yes,Yes,Yes,Yes,Yes,Yes,open,,J3183
MC001,McAlinden,-33.599765,116.26332,263,WA Department of Primary Industries and Regional Development (DPIRD),DPIRD,2012-12-06,,1.25,0.5,Unidata NRL,Yes,Yes,Yes,Yes,Yes,Yes,No,Yes,No,Yes,Yes,Yes,No,No,Yes,Yes,Yes,Yes,Yes,Yes,Yes,Yes,Yes,open,,J3186
MEAN,Meanarra Tower,-27.698975,114.222944,206,"WA Department of Biodiversity, Conservation and Attractions (DBCA)",DBCA,2018-10-23,,10,10,Vaisala WXT536,Yes,Yes,Yes,Yes,No,Yes,Yes,Yes,No,No,Yes,No,Yes,No,Yes,Yes,Yes,Yes,Yes,Yes,Yes,Yes,No,open,"The Rainfall sensor is integrated into a multi-weather head, so the rainfall readings may be of low accuracy;
25 July 2022: Weather station logging restarted.
24 Nov 2021: The weather head has failed and it is awaiting DBCA arranging a replacement;
12 July 2021: Please note the Wind anemometer has failed. DBCA are arranging a replacement.",
MN,Meckering North,-31.397106,117.157604,325,WA Department of Primary Industries and Regional Development (DPIRD),DPIRD,2008-10-24,,1.25,0.5,Unidata NRL,Yes,Yes,Yes,Yes,Yes,Yes,No,Yes,Yes,Yes,Yes,Yes,No,No,Yes,Yes,Yes,Yes,Yes,Yes,Yes,Yes,Yes,open,8 Dec 2022: the temperature and humidity sensor has a fault and is not being shown. Other sensors are OK. We will get to the station as soon as we can.,J3291
ME,Merredin,-31.493128,118.226202,334,WA Department of Primary Industries and Regional Development (DPIRD),DPIRD,2001-05-07,,1.25,0.5,Unidata NRL,Yes,Yes,Yes,Yes,Yes,Yes,No,Yes,Yes,Yes,Yes,Yes,No,No,Yes,Yes,Yes,Yes,Yes,Yes,Yes,Yes,Yes,open,,J3201
ME002,Merredin NG In,-31.485436,118.220944,301,WA Department of Primary Industries and Regional Development (DPIRD),DPIRD,2016-04-08,,1.25,0.5,Unidata NRL,Yes,Yes,Yes,Yes,Yes,Yes,No,Yes,Yes,Yes,Yes,Yes,No,No,Yes,Yes,Yes,Yes,Yes,Yes,Yes,Yes,Yes,open,"At New Genes site, inside a netting enclosure. This may mean weather measurements may be different to outside.",J3440
ME003,Merredin NG Out,-31.484965,118.221424,302,WA Department of Primary Industries and Regional Development (DPIRD),DPIRD,2016-04-08,,1.25,0.5,Unidata NRL,Yes,Yes,Yes,Yes,Yes,Yes,No,Yes,Yes,Yes,Yes,Yes,No,No,Yes,Yes,Yes,Yes,Yes,Yes,Yes,Yes,Yes,open,"At New Genes site, outside of netting enclosure. Weather measurements may be different from the New Genes station located inside the enclosure.",J3427
MILL,Millstream Chichester National Park,-21.595033,117.072721,323,"WA Department of Biodiversity, Conservation and Attractions (DBCA)",DBCA,2017-08-16,,1.5,0.5,"YDOC, Humidity/Temp HMP110+, Wind WMS301, Solar Rad SR05-D1A3-BL, Raingauge Rimco 7499.",Yes,Yes,Yes,Yes,Yes,Yes,Yes,Yes,No,Yes,Yes,Yes,No,No,Yes,Yes,Yes,Yes,Yes,Yes,Yes,Yes,Yes,open,"A new weather station was installed on 8 Sept 2021. The previous weather station (since August 2017) was a Vaisala WXT 536 multi-weather probe head (for Air-Temp, Humidity and Wind) mounted on a 10 tower. A Rimco 7499 rain gauge was installed 31 Oct 2018.
A Rimco 7499 rain gauge was installed on 31 Oct 2018, so from this date the station is now reporting rainfall using this gauge. This rain gauge is at a standard height rather than up the 10m tower (like all the other probes).",
MX001,Milyeannup,-34.250121,115.447536,30,WA Department of Primary Industries and Regional Development (DPIRD),DPIRD,2012-12-12,,1.25,0.5,Unidata NRL,Yes,Yes,Yes,Yes,Yes,Yes,No,Yes,No,Yes,Yes,Yes,No,No,Yes,Yes,Yes,Yes,Yes,Yes,Yes,Yes,Yes,open,,J3199
MI,Mingenew,-29.28453,115.391097,297,WA Department of Primary Industries and Regional Development (DPIRD),DPIRD,2008-11-18,,1.25,0.5,Unidata NRL,Yes,Yes,Yes,Yes,Yes,Yes,No,Yes,Yes,Yes,Yes,Yes,No,No,Yes,Yes,Yes,Yes,Yes,Yes,Yes,Yes,Yes,open,Station rain gauge is out of service since 19 Sept 2022.,J3316
MI002,Mingenew NW,-29.157472,115.383428,173,WA Department of Primary Industries and Regional Development (DPIRD),DPIRD,2016-03-25,,1.25,0.5,Unidata NRL with sonic at 3m,Yes,Yes,Yes,Yes,Yes,Yes,No,Yes,Yes,Yes,Yes,Yes,No,No,Yes,Yes,Yes,Yes,Yes,Yes,Yes,Yes,Yes,open,E-demonstration site,J3749
MIPL,Mitchell Plateau,-14.788286,125.829899,324,"WA Department of Biodiversity, Conservation and Attractions (DBCA)",DBCA,2014-02-12,,1.25,0.5,Telvent,Yes,No,Yes,Yes,No,Yes,Yes,Yes,No,No,Yes,No,Yes,No,No,No,No,No,No,No,No,No,No,open,"Maintained by Department of Biodiversity, Conservation and Attractions.",
MZ,Moora,-30.659595,116.00015,231,WA Department of Primary Industries and Regional Development (DPIRD),DPIRD,2005-08-10,,1.25,0.5,Unidata NRL and SONIC @10m,Yes,Yes,Yes,Yes,Yes,Yes,No,Yes,Yes,Yes,Yes,Yes,Yes,No,Yes,Yes,Yes,Yes,Yes,Yes,Yes,Yes,Yes,open,,J3322
MZ002,Moora NW,-30.612997,115.897434,240,WA Department of Primary Industries and Regional Development (DPIRD),DPIRD,2016-03-25,,1.25,0.5,Unidata NRL with sonic at 3m,Yes,Yes,Yes,Yes,Yes,Yes,No,Yes,Yes,Yes,Yes,Yes,No,No,Yes,Yes,Yes,Yes,Yes,Yes,Yes,Yes,Yes,open,E-demonstration site,J3751
MOOR,Moore River,-31.175592,115.500219,125,"WA Department of Biodiversity, Conservation and Attractions (DBCA)",DBCA,2018-03-15,,45,45,,Yes,Yes,Yes,Yes,No,Yes,Yes,Yes,No,No,Yes,No,No,Yes,Yes,Yes,Yes,Yes,Yes,Yes,Yes,Yes,No,open,"This is a Vaisala WXT536 multi-weather probe head mounted on a DBCA fire tower.
The station sensors are 45m above ground level. All probes measure at this height. Station altitude at ground level is 125m above mean sea level. Maintained by Department of Biodiversity, Conservation and Attractions. Note: Rainfall recordings have low accuracy.",
ME005,Moorine Rock,-31.4139944,119.0341806,382,WA Department of Primary Industries and Regional Development (DPIRD),DPIRD,2016-04-19,,1.25,0.5,Unidata NRL with sonic at 3m,Yes,Yes,Yes,Yes,Yes,Yes,No,Yes,Yes,Yes,Yes,Yes,No,No,Yes,Yes,Yes,Yes,Yes,Yes,Yes,Yes,Yes,open,E-demonstration site,J3758
MO,Morawa,-29.220353,115.997377,301,WA Department of Primary Industries and Regional Development (DPIRD),DPIRD,2008-06-25,,1.25,0.5,Unidata NRL,Yes,Yes,Yes,Yes,Yes,Yes,No,Yes,Yes,Yes,Yes,Yes,No,No,Yes,Yes,Yes,Yes,Yes,Yes,Yes,Yes,Yes,open,,J3314
MB,Mount Barker,-34.634208,117.539373,236,WA Department of Primary Industries and Regional Development (DPIRD),DPIRD,2001-09-26,,1.25,0.5,Unidata NRL and SONIC @10m,Yes,Yes,Yes,Yes,Yes,Yes,No,Yes,Yes,Yes,Yes,Yes,Yes,No,Yes,Yes,Yes,Yes,Yes,Yes,Yes,Yes,Yes,open,,J3320
MB003,Mount Barker South,-34.677523,117.67278,209,WA Department of Primary Industries and Regional Development (DPIRD),DPIRD,2022-11-29,,1.25,0.5,Unidata NRL with SONIC @3m,Yes,Yes,Yes,Yes,Yes,Yes,No,Yes,Yes,Yes,Yes,Yes,No,No,Yes,Yes,Yes,Yes,Yes,Yes,Yes,Yes,Yes,open,,J3178
BU,Mount Buraminya,-33.30968,123.07455,146,WA Department of Primary Industries and Regional Development (DPIRD),DPIRD,2011-10-12,,1.25,0.5,Unidata NRL and SONIC @10m,Yes,Yes,Yes,Yes,Yes,Yes,No,Yes,Yes,Yes,Yes,Yes,Yes,No,Yes,Yes,Yes,Yes,Yes,Yes,Yes,Yes,Yes,open,Full station data begins Oct 2011.,J3324
BD,Mount Burdett,-33.410914,122.159201,183,WA Department of Primary Industries and Regional Development (DPIRD),DPIRD,2008-12-12,,1.25,0.5,Unidata NRL,Yes,Yes,Yes,Yes,Yes,Yes,No,Yes,Yes,Yes,Yes,Yes,No,No,Yes,Yes,Yes,Yes,Yes,Yes,Yes,Yes,Yes,open,,J3296
BURN,Mount Burnside,-34.621083,116.4793,329,"WA Department of Biodiversity, Conservation and Attractions (DBCA)",DBCA,2016-12-21,,25,25,Vaisala multi-weather probe head mounted on a tower,Yes,Yes,Yes,Yes,No,Yes,Yes,Yes,No,No,Yes,No,No,Yes,Yes,Yes,Yes,Yes,Yes,Yes,Yes,Yes,No,open,"Maintained by Department of Biodiversity, Conservation and Attractions. Note: Rainfall recordings prior to 6 Oct 2017 12:00pm are incorrect.",
DALE,Mount Dale,-32.126141,116.299525,535,"WA Department of Biodiversity, Conservation and Attractions (DBCA)",DBCA,2016-12-21,,24,24,Vaisala multi-weather probe head mounted on a tower,Yes,Yes,Yes,Yes,No,Yes,Yes,Yes,No,No,Yes,No,No,Yes,Yes,Yes,Yes,Yes,Yes,Yes,Yes,Yes,No,open,"Maintained by Department of Biodiversity, Conservation and Attractions. Note: Rainfall recordings prior to 23 Sept 2017 are incorrect.
Planned to be back online by end of the week, ending 15 March 2019.",
HO,Mount Howick,-33.6615,122.709,119,WA Department of Primary Industries and Regional Development (DPIRD),DPIRD,2008-12-12,,1.25,0.5,Unidata NRL and SONIC @10m,Yes,Yes,Yes,Yes,Yes,Yes,No,Yes,Yes,Yes,Yes,Yes,Yes,No,Yes,Yes,Yes,Yes,Yes,Yes,Yes,Yes,Yes,open,,J3323
MD001,Mount Madden East,-33.183297,120.08432,333,WA Department of Primary Industries and Regional Development (DPIRD),DPIRD,2015-12-01,,1.25,0.5,MEA Mk5,Yes,Yes,Yes,Yes,Yes,Yes,No,Yes,Yes,Yes,Yes,Yes,No,No,Yes,Yes,Yes,Yes,Yes,Yes,Yes,Yes,Yes,open,,J3455
BD002,Mount Ney,-33.45305,122.45472,176,WA Department of Primary Industries and Regional Development (DPIRD),DPIRD,2020-06-02,,1.25,1,PDS YDOC CATM1,Yes,Yes,Yes,Yes,Yes,Yes,No,Yes,No,Yes,Yes,Yes,No,No,Yes,Yes,Yes,Yes,Yes,Yes,Yes,Yes,Yes,open,,P0019
SOLS,Mount Solus,-32.47,116.214333,570,"WA Department of Biodiversity, Conservation and Attractions (DBCA)",DBCA,2016-12-21,,20,20,Vaisala multi-weather probe head mounted on a tower,Yes,Yes,Yes,Yes,No,Yes,Yes,Yes,No,No,Yes,No,No,Yes,Yes,Yes,Yes,Yes,Yes,Yes,Yes,Yes,Yes,open,"Maintained by Department of Biodiversity, Conservation and Attractions. Note: Rainfall recordings prior to 19 Sept 2017 are incorrect.",
NB002,Mount Walker,-32.055417,118.81817,348,WA Department of Primary Industries and Regional Development (DPIRD),DPIRD,2016-06-22,,1.25,0.5,Unidata NRL,Yes,Yes,Yes,Yes,Yes,Yes,No,Yes,Yes,Yes,Yes,Yes,No,No,Yes,Yes,Yes,Yes,Yes,Yes,Yes,Yes,Yes,open,,J3452
MU001,Mukinbudin,-30.9187,118.2506,296,WA Department of Primary Industries and Regional Development (DPIRD),DPIRD,2012-06-28,,1.25,0.5,Unidata NRL,Yes,Yes,Yes,Yes,Yes,Yes,No,Yes,No,Yes,Yes,Yes,No,No,Yes,Yes,Yes,Yes,Yes,Yes,Yes,Yes,Yes,open,,J3106
MU,Mullewa,-28.588141,115.446142,240,WA Department of Primary Industries and Regional Development (DPIRD),DPIRD,2008-08-13,,1.25,0.5,Unidata NRL,Yes,Yes,Yes,Yes,Yes,Yes,No,Yes,Yes,Yes,Yes,Yes,No,No,Yes,Yes,Yes,Yes,Yes,Yes,Yes,Yes,Yes,open,Data Note 25 May 2018: the raingauge appears to be reading high. Shows 37mm when nearby rain is 15mm. Update 30 May: gauge has been serviced and is reading accurately.,J3303
MP002,Munglinup,-33.78222,120.813056,45,WA Department of Primary Industries and Regional Development (DPIRD),DPIRD,2019-10-17,,1.25,1,PDS YDOC CATM1,Yes,Yes,Yes,Yes,Yes,Yes,No,Yes,No,Yes,Yes,Yes,No,No,Yes,Yes,Yes,Yes,Yes,Yes,Yes,Yes,Yes,open,WMO number 99454,P0016
SB002,Muntadgin East,-31.735761,118.85894,439,WA Department of Primary Industries and Regional Development (DPIRD),DPIRD,2017-08-23,,1.25,0.5,"Unidata NRL, Vaisala T/RH and wind probe",Yes,Yes,Yes,Yes,Yes,Yes,No,Yes,Yes,Yes,Yes,Yes,No,No,Yes,Yes,Yes,Yes,Yes,Yes,Yes,Yes,Yes,open,,J3434
MK,Muresk,-31.72772,116.69127,251,WA Department of Primary Industries and Regional Development (DPIRD),DPIRD,2008-10-20,,1.25,0.5,Unidata NRL,Yes,Yes,Yes,Yes,Yes,Yes,No,Yes,Yes,Yes,Yes,Yes,No,No,Yes,Yes,Yes,Yes,Yes,Yes,Yes,Yes,Yes,open,"Converted to MEA type 28 Apr 2015 and site move. J3438
Converted to Unidata NRL 26 Aug 2023",Y3438
MY,Myalup,-33.091703,115.717528,6,WA Department of Primary Industries and Regional Development (DPIRD),DPIRD,2007-03-14,,1.25,0.5,Unidata NRL,Yes,Yes,Yes,Yes,Yes,Yes,No,Yes,Yes,Yes,Yes,Yes,No,No,Yes,Yes,Yes,Yes,Yes,Yes,Yes,Yes,Yes,open,,N3252
NU001,Nannup,-33.937097,115.794999,105,WA Department of Primary Industries and Regional Development (DPIRD),DPIRD,2012-12-12,,1.25,0.5,Unidata NRL,Yes,Yes,Yes,Yes,Yes,Yes,No,Yes,No,Yes,Yes,Yes,No,No,Yes,Yes,Yes,Yes,Yes,Yes,Yes,Yes,Yes,open,,J3195
NU002,Nannup 2 (Carlotta),-34.0933,115.78282,186,WA Department of Primary Industries and Regional Development (DPIRD),DPIRD,2014-10-22,,1.25,0.5,Unidata NRL,Yes,Yes,Yes,Yes,Yes,Yes,No,Yes,Yes,Yes,Yes,Yes,No,No,Yes,Yes,Yes,Yes,Yes,Yes,Yes,Yes,Yes,open,,J3458
NB001,Narembeen,-32.10805,118.40635,299,WA Department of Primary Industries and Regional Development (DPIRD),DPIRD,2012-03-29,,1.25,0.5,Unidata NRL,Yes,Yes,Yes,Yes,Yes,Yes,No,Yes,No,Yes,Yes,Yes,No,No,Yes,Yes,Yes,Yes,Yes,Yes,Yes,Yes,Yes,open,The wind direction was incorrect from 6 April to 24 May 2018.,J3089
NA003,Narrikup,-34.759399,117.893904,124,WA Department of Primary Industries and Regional Development (DPIRD),DPIRD,2019-10-10,,1.25,1,PDS YDOC CATM1,Yes,Yes,Yes,Yes,Yes,Yes,No,Yes,No,Yes,Yes,Yes,No,No,Yes,Yes,Yes,Yes,Yes,Yes,Yes,Yes,Yes,open,WMO number 99447,P0009
NA001,Narrogin,-32.92622,117.07455,336,WA Department of Primary Industries and Regional Development (DPIRD),DPIRD,2012-07-03,,1.25,0.5,Unidata NRL,Yes,Yes,Yes,Yes,Yes,Yes,No,Yes,No,Yes,Yes,Yes,No,No,Yes,Yes,Yes,Yes,Yes,Yes,Yes,Yes,Yes,open,,J3114
NN001,New Norcia,-31.105392,116.189869,301,WA Department of Primary Industries and Regional Development (DPIRD),DPIRD,2012-06-13,,1.25,0.5,Unidata NRL,Yes,Yes,Yes,Yes,Yes,Yes,No,Yes,No,Yes,Yes,Yes,No,No,Yes,Yes,Yes,Yes,Yes,Yes,Yes,Yes,Yes,open,,N3164
NE,Newdegate,-33.112956,118.839964,325,WA Department of Primary Industries and Regional Development (DPIRD),DPIRD,2001-06-11,,1.25,0.5,Unidata NRL,Yes,Yes,Yes,Yes,Yes,Yes,No,Yes,Yes,Yes,Yes,Yes,No,No,Yes,Yes,Yes,Yes,Yes,Yes,Yes,Yes,Yes,open,,J3302
KP001,Newlands,-33.65428333,115.8671167,205,WA Department of Primary Industries and Regional Development (DPIRD),DPIRD,2012-12-20,,1.25,0.5,Unidata NRL,Yes,Yes,Yes,Yes,Yes,Yes,No,Yes,No,Yes,Yes,Yes,No,No,Yes,Yes,Yes,Yes,Yes,Yes,Yes,Yes,Yes,open,,J3204
NO,Northam,-31.651611,116.694194,163,WA Department of Primary Industries and Regional Development (DPIRD),DPIRD,2005-05-18,,1.25,0.5,Unidata NRL,Yes,Yes,Yes,Yes,Yes,Yes,No,Yes,Yes,Yes,Yes,Yes,No,No,Yes,Yes,Yes,Yes,Yes,Yes,Yes,Yes,Yes,open,"Converted to MEA type in 2013.
Converted to Unidata NRL 26 Aug 2023",Y3293
NW001,Northampton West,-28.300442,114.508197,170,WA Department of Primary Industries and Regional Development (DPIRD),DPIRD,2019-10-02,,1.25,1,PDS YDOC CATM1,Yes,Yes,Yes,Yes,Yes,Yes,No,Yes,No,Yes,Yes,Yes,No,No,Yes,Yes,Yes,Yes,Yes,Yes,Yes,Yes,Yes,open,"24 June 2021: We are aware of the current outage at this station, repairs are planned for 2-3 July.
WMO number 99440",P0002
NL001,Northcliffe,-34.653996,116.144368,92,WA Department of Primary Industries and Regional Development (DPIRD),DPIRD,2012-12-11,,1.25,0.5,Unidata NRL,Yes,Yes,Yes,Yes,Yes,Yes,No,Yes,No,Yes,Yes,Yes,No,No,Yes,Yes,Yes,Yes,Yes,Yes,Yes,Yes,Yes,open,,J3191
NY001,Nyabing,-33.43895,118.2807,317,WA Department of Primary Industries and Regional Development (DPIRD),DPIRD,2012-07-04,,1.25,0.5,MEA,Yes,Yes,Yes,Yes,Yes,Yes,No,Yes,No,Yes,Yes,Yes,No,No,Yes,Yes,Yes,Yes,Yes,Yes,Yes,Yes,Yes,open,,J3115
NY002,Nyabing GRDC,-33.60975,118.1175,346,WA Department of Primary Industries and Regional Development (DPIRD),DPIRD,2016-06-28,,1.25,0.5,MEA profile tower with UNIDATA Prologger,Yes,Yes,Yes,Yes,Yes,Yes,No,Yes,Yes,Yes,Yes,Yes,Yes,No,Yes,Yes,Yes,Yes,Yes,Yes,Yes,Yes,Yes,open,Originally for GRDC project.,J3384
ON002,Ongerup GRDC,-33.89915,118.46782,305,WA Department of Primary Industries and Regional Development (DPIRD),DPIRD,2016-06-28,,1.25,0.5,MEA profile tower with UNIDATA Prologger,Yes,Yes,Yes,Yes,Yes,Yes,No,Yes,Yes,Yes,Yes,Yes,Yes,No,Yes,Yes,Yes,Yes,Yes,Yes,Yes,Yes,Yes,open,Originally for GRDC project.,J3388
ON001,Ongerup North,-33.816167,118.484433,296,WA Department of Primary Industries and Regional Development (DPIRD),DPIRD,2012-11-30,,1.25,0.5,MEA,Yes,Yes,Yes,Yes,Yes,Yes,No,Yes,No,Yes,Yes,Yes,No,No,Yes,Yes,Yes,Yes,Yes,Yes,Yes,Yes,Yes,open,,J3188
PD,Pardoo,-19.98714,119.95279,12,Pardoo Beef Corporation (PBC),PBC,2017-10-02,,1.25,0.5,"Unidata NRL, Vaisala T/RH probe, Hukseflux solar probe, Rimco raingauge and Gill Windsonic at 3m height.",Yes,Yes,Yes,Yes,Yes,Yes,Yes,Yes,Yes,Yes,Yes,Yes,No,No,Yes,Yes,Yes,Yes,Yes,Yes,Yes,Yes,Yes,open,"27 Apr 2023: Station is back online in ""caretaker mode"" (ie data quality to be checked).
14 Apr 2023: Station damaged by TC Isla.
18 Oct 2023: Converted to Unidata NRL, testing communication on 4G.",
PM,Pemberton,-34.405166,115.932851,158,WA Department of Primary Industries and Regional Development (DPIRD),DPIRD,2007-02-15,,1.25,0.5,MEA and SONIC @10m,Yes,Yes,Yes,Yes,Yes,Yes,No,Yes,Yes,Yes,Yes,Yes,Yes,No,Yes,Yes,Yes,Yes,Yes,Yes,Yes,Yes,Yes,open,"10m wind probe added in 2017, with antenna also installed up the tower.",J3202
PJ001,Perenjori,-29.42313,116.28129,293,WA Department of Primary Industries and Regional Development (DPIRD),DPIRD,2012-06-22,,1.25,0.5,Unidata NRL,Yes,Yes,Yes,Yes,Yes,Yes,No,Yes,No,Yes,Yes,Yes,No,No,Yes,Yes,Yes,Yes,Yes,Yes,Yes,Yes,Yes,open,,J3100
MU002,Pindar South,-28.537305,115.781629,342,WA Department of Primary Industries and Regional Development (DPIRD),DPIRD,2019-10-03,,1.25,1,PDS YDOC CATM1,Yes,Yes,Yes,Yes,Yes,Yes,No,Yes,No,Yes,Yes,Yes,No,No,Yes,Yes,Yes,Yes,Yes,Yes,Yes,Yes,Yes,open,WMO number 99442,P0004
PN001,Pingaring,-32.7340833,118.627139,300,WA Department of Primary Industries and Regional Development (DPIRD),DPIRD,2016-06-22,,1.25,0.5,Unidata NRL,Yes,Yes,Yes,Yes,Yes,Yes,No,Yes,Yes,Yes,Yes,Yes,No,No,Yes,Yes,Yes,Yes,Yes,Yes,Yes,Yes,Yes,open,,J3450
PY001,Pingelly West,-32.5064167,116.9779167,303,WA Department of Primary Industries and Regional Development (DPIRD),DPIRD,2016-04-19,,1.25,0.5,Unidata NRL  with sonic at 3m,Yes,Yes,Yes,Yes,Yes,Yes,No,Yes,Yes,Yes,Yes,Yes,No,No,Yes,Yes,Yes,Yes,Yes,Yes,Yes,Yes,Yes,open,E-demonstration site,J3757
PG001,Pingrup East,-33.476847,118.719161,318,WA Department of Primary Industries and Regional Development (DPIRD),DPIRD,2016-06-22,,1.25,0.5,MEA Mk5,Yes,Yes,Yes,Yes,Yes,Yes,No,Yes,Yes,Yes,Yes,Yes,No,No,Yes,Yes,Yes,Yes,Yes,Yes,Yes,Yes,Yes,open,,J3449
PINJ,Pinjar Tower,-31.658787,115.776057,110,"WA Department of Biodiversity, Conservation and Attractions (DBCA)",DBCA,2018-03-16,,25,25,,Yes,Yes,Yes,Yes,No,Yes,Yes,Yes,No,No,Yes,Yes,No,No,Yes,Yes,Yes,Yes,Yes,Yes,Yes,Yes,Yes,open,"This is a Vaisala WXT536 multi-weather probe head mounted on a DBCA fire tower.
The station sensors are 25m above ground level. All probes measure at this height. Station altitude at ground level is 110m above mean sea level. Maintained by Department of Biodiversity, Conservation and Attractions. Note: Rainfall recordings have low accuracy.",
PI001,Pinjarra,-32.695554,115.916265,27,WA Department of Primary Industries and Regional Development (DPIRD),DPIRD,2012-12-10,,1.25,0.5,Unidata NRL,Yes,Yes,Yes,Yes,Yes,Yes,No,Yes,No,Yes,Yes,Yes,No,No,Yes,Yes,Yes,Yes,Yes,Yes,Yes,Yes,Yes,open,,N3190
PO001,Popanyinning,-32.65273683,117.088849,323,WA Department of Primary Industries and Regional Development (DPIRD),DPIRD,2012-07-02,,1.25,0.5,Unidata NRL,Yes,Yes,Yes,Yes,Yes,Yes,No,Yes,No,Yes,Yes,Yes,No,No,Yes,Yes,Yes,Yes,Yes,Yes,Yes,Yes,Yes,open,Converted to Unidata NRL 26 Aug 2023,Y3104
QD001,Quairading,-32.0062,117.4165,246,WA Department of Primary Industries and Regional Development (DPIRD),DPIRD,2014-11-13,,1.25,0.5,Unidata NRL,Yes,Yes,Yes,Yes,Yes,Yes,No,Yes,Yes,Yes,Yes,Yes,No,No,Yes,Yes,Yes,Yes,Yes,Yes,Yes,Yes,Yes,open,,J3429
QA001,Qualeup,-33.8821,116.84215,304,WA Department of Primary Industries and Regional Development (DPIRD),DPIRD,2012-07-10,,1.25,0.5,Unidata NRL,Yes,Yes,Yes,Yes,Yes,Yes,No,Yes,No,Yes,Yes,Yes,No,No,Yes,Yes,Yes,Yes,Yes,Yes,Yes,Yes,Yes,open,,J3127
DM002,Quickup Dam,-34.905084,117.377723,52,Water Corporation (WaterCorp),WC,2019-11-04,,1.25,1,PDS YDOC 3G/4G,Yes,Yes,Yes,Yes,Yes,Yes,No,Yes,No,Yes,Yes,Yes,No,No,Yes,Yes,Yes,Yes,Yes,Yes,Yes,Yes,Yes,open,,W0001
QP001,Quinninup,-34.445522,116.233982,150,WA Department of Primary Industries and Regional Development (DPIRD),DPIRD,2014-10-15,,1.25,0.5,MEA Mk5 and 10m sonic wind,Yes,Yes,Yes,Yes,Yes,Yes,No,Yes,Yes,Yes,Yes,Yes,Yes,No,Yes,Yes,Yes,Yes,Yes,Yes,Yes,Yes,Yes,open,,J3431
RA,Ravensthorpe,-33.435863,119.730175,320,WA Department of Primary Industries and Regional Development (DPIRD),DPIRD,2008-12-04,,1.25,0.5,MEA and SONIC @10m,Yes,Yes,Yes,Yes,Yes,Yes,No,Yes,Yes,Yes,Yes,Yes,Yes,No,Yes,Yes,Yes,Yes,Yes,Yes,Yes,Yes,Yes,open,"2 June 2023: Due to a failing battery onsite, live data will only be available between 8am-3.40pm until the battery can be changed in the next fortnight.",J3321
RA002,Ravensthorpe Dam #4,-33.636636,120.054372,235,Water Corporation (WaterCorp),WC,2019-11-04,,1.25,1,PDS YDOC 3G/4G,Yes,Yes,Yes,Yes,Yes,Yes,No,Yes,No,Yes,Yes,Yes,No,No,Yes,Yes,Yes,Yes,Yes,Yes,Yes,Yes,Yes,open,,W0003
RF001,Regans Ford,-31.00103,115.680233,89,WA Department of Primary Industries and Regional Development (DPIRD),DPIRD,2020-03-14,,1.25,1,PDS YDOC CATM1,Yes,Yes,Yes,Yes,Yes,Yes,No,Yes,No,Yes,Yes,Yes,No,No,Yes,Yes,Yes,Yes,Yes,Yes,Yes,Yes,Yes,open,"The station was installed 14 March 2020. The data records prior to this date are from a test period at another site, which will be removed after a comparison analysis is completed.",P0017
LR001,Ridley North,-33.168906,121.918862,218,WA Department of Primary Industries and Regional Development (DPIRD),DPIRD,2019-10-16,,1.25,1,PDS YDOC CATM1,Yes,Yes,Yes,Yes,Yes,Yes,No,Yes,No,Yes,Yes,Yes,No,No,Yes,Yes,Yes,Yes,Yes,Yes,Yes,Yes,Yes,open,WMO number 99451,P0013
ROGR,Rolling Green,-31.69527,116.3184,315,"WA Department of Biodiversity, Conservation and Attractions (DBCA)",DBCA,2014-02-12,,1.25,0.5,Televent,Yes,Yes,Yes,Yes,No,Yes,Yes,Yes,No,No,Yes,No,Yes,No,Yes,Yes,Yes,Yes,Yes,Yes,Yes,Yes,No,open,"Maintained by Department of Biodiversity, Conservation and Attractions.
24 Nov 2021: We and DBCA are aware of the significant outages at this station since May 2021. It is awaiting resolution by DBCA staff.",
RB001,Rosa Brook,-33.936255,115.219066,116,WA Department of Primary Industries and Regional Development (DPIRD),DPIRD,2012-12-14,,1.25,0.5,Unidata NRL,Yes,Yes,Yes,Yes,Yes,Yes,No,Yes,Yes,Yes,Yes,Yes,No,No,Yes,Yes,Yes,Yes,Yes,Yes,Yes,Yes,Yes,open,,J3197
SG,Salmon Gums,-32.997093,121.622136,245,WA Department of Primary Industries and Regional Development (DPIRD),DPIRD,2008-12-12,,1.25,0.5,Unidata NRL,Yes,Yes,Yes,Yes,Yes,Yes,No,Yes,Yes,Yes,Yes,Yes,No,No,Yes,Yes,Yes,Yes,Yes,Yes,Yes,Yes,Yes,open,,J3290
SC,Scaddan,-33.426189,121.619638,200,WA Department of Primary Industries and Regional Development (DPIRD),DPIRD,2008-12-12,,1.25,0.5,Unidata NRL,Yes,Yes,Yes,Yes,Yes,Yes,No,Yes,Yes,Yes,Yes,Yes,No,No,Yes,Yes,Yes,Yes,Yes,Yes,Yes,Yes,Yes,open,,J3289
SR001,Scott River,-34.25065,115.28935,25,WA Department of Primary Industries and Regional Development (DPIRD),DPIRD,2012-07-12,,1.25,0.5,Unidata NRL,Yes,Yes,Yes,Yes,Yes,Yes,No,Yes,No,Yes,Yes,Yes,No,No,Yes,Yes,Yes,Yes,Yes,Yes,Yes,Yes,Yes,open,,J3123
SH001,Shackleton,-31.9456,117.8383,266,WA Department of Primary Industries and Regional Development (DPIRD),DPIRD,2012-06-04,,1.25,0.5,Unidata NRL,Yes,Yes,Yes,Yes,Yes,Yes,No,Yes,No,Yes,Yes,Yes,No,No,Yes,Yes,Yes,Yes,Yes,Yes,Yes,Yes,Yes,open,,J3094
SP,South Perth,-31.991043,115.886068,21,WA Department of Primary Industries and Regional Development (DPIRD),DPIRD,2001-04-27,,1.25,0.5,Unidata NRL,Yes,Yes,Yes,Yes,Yes,Yes,No,Yes,Yes,Yes,Yes,Yes,No,No,Yes,Yes,Yes,Yes,Yes,Yes,Yes,Yes,Yes,open,,J3207
SN001,Stirlings North,-34.22785,117.915,236,WA Department of Primary Industries and Regional Development (DPIRD),DPIRD,2012-11-30,,1.25,0.5,MEA,Yes,Yes,Yes,Yes,Yes,Yes,No,Yes,No,Yes,Yes,Yes,No,No,Yes,Yes,Yes,Yes,Yes,Yes,Yes,Yes,Yes,open,,J3187
PL001,Stirlings South,-34.553593,117.928297,147,WA Department of Primary Industries and Regional Development (DPIRD),DPIRD,2012-07-10,,1.25,0.5,Unidata NRL,Yes,Yes,Yes,Yes,Yes,Yes,No,Yes,No,Yes,Yes,Yes,No,No,Yes,Yes,Yes,Yes,Yes,Yes,Yes,Yes,Yes,open,,J3124
ST,Styles Tower,-33.912288,115.89987,375,"WA Department of Biodiversity, Conservation and Attractions (DBCA)",DBCA,2012-05-22,,40,40,Vaisala multi-weather probe head mounted on a tower,Yes,Yes,Yes,Yes,No,Yes,Yes,Yes,No,No,Yes,No,No,Yes,Yes,Yes,Yes,Yes,Yes,Yes,Yes,Yes,Yes,open,"Maintained by Department of Biodiversity, Conservation and Attractions. Rainfall is currently incorrect.",
TA001,Tammin,-31.587308,117.47004,262,WA Department of Primary Industries and Regional Development (DPIRD),DPIRD,2014-11-14,,1.25,0.5,Unidata NRL,Yes,Yes,Yes,Yes,Yes,Yes,No,Yes,Yes,Yes,Yes,Yes,No,No,Yes,Yes,Yes,Yes,Yes,Yes,Yes,Yes,Yes,open,,J3439
TS001,Three Springs,-29.52322,115.85893,283,WA Department of Primary Industries and Regional Development (DPIRD),DPIRD,2012-11-29,,1.25,0.5,Unidata NRL,Yes,Yes,Yes,Yes,Yes,Yes,No,Yes,No,Yes,Yes,Yes,No,No,Yes,Yes,Yes,Yes,Yes,Yes,Yes,Yes,Yes,open,,J3179
THUN,Thundelarra Station,-28.893209,117.133051,,"WA Department of Biodiversity, Conservation and Attractions (DBCA)",DBCA,2022-09-15,,1.25,0.5,YDOC,Yes,Yes,Yes,Yes,No,Yes,Yes,Yes,No,Yes,Yes,Yes,No,No,Yes,Yes,Yes,Yes,Yes,Yes,Yes,Yes,Yes,open,,
WI,Tincurrin,-32.893437,117.77261,328,WA Department of Primary Industries and Regional Development (DPIRD),DPIRD,2008-11-23,,1.25,0.5,Unidata NRL,Yes,Yes,Yes,Yes,Yes,Yes,No,Yes,Yes,Yes,Yes,Yes,No,No,Yes,Yes,Yes,Yes,Yes,Yes,Yes,Yes,Yes,open,"17 June 2022: Station renamed Tincurrin from Wickepin. It has not been moved.
2 May 2022: Station relocated a very small distance to get it out of a paddock.",J3299
TB001,Tone Bridge,-34.22258,116.70422,214,WA Department of Primary Industries and Regional Development (DPIRD),DPIRD,2014-10-23,,1.25,0.5,Unidata NRL,Yes,Yes,Yes,Yes,Yes,Yes,No,Yes,Yes,Yes,Yes,Yes,No,No,Yes,Yes,Yes,Yes,Yes,Yes,Yes,Yes,Yes,open,,J3467
TW001,Trayning West,-31.1151,117.7207,326,WA Department of Primary Industries and Regional Development (DPIRD),DPIRD,2012-06-28,,1.25,0.5,Unidata NRL,Yes,Yes,Yes,Yes,Yes,Yes,No,Yes,No,Yes,Yes,Yes,No,No,Yes,Yes,Yes,Yes,Yes,Yes,Yes,Yes,Yes,open,Data Note 4 Dec 2015: rainfall recorded on 3 Dec 2015 is probably an error. 37mm is too high.,J3111
TU003,Tunney West,-34.120578,117.339845,306,WA Department of Primary Industries and Regional Development (DPIRD),DPIRD,2022-04-26,,1.25,0.5,Unidata NRL,Yes,Yes,Yes,Yes,Yes,Yes,No,Yes,No,Yes,Yes,Yes,No,No,Yes,Yes,Yes,Yes,Yes,Yes,Yes,Yes,Yes,open,26 April 2022: Weather station opened after relocation from original Tunney (TU001) location.,J3105
VA,Vasse,-33.752861,115.359807,29,WA Department of Primary Industries and Regional Development (DPIRD),DPIRD,2000-08-28,,1.25,0.5,Unidata NRL,Yes,Yes,Yes,Yes,Yes,Yes,No,Yes,Yes,Yes,Yes,Yes,No,No,Yes,Yes,Yes,Yes,Yes,Yes,Yes,Yes,Yes,open,"12 July 2021: Rainfall recordings since late May have been affected by a progressively worsening rain gauge blockage. We are endeavouring to have a maintenance visit this week.
Update 13 July 2021 - cleared by DPIRD staff.",J3200
WA001,Wagin,-33.317465,117.356935,255,WA Department of Primary Industries and Regional Development (DPIRD),DPIRD,2012-07-04,,1.25,0.5,Unidata NRL,Yes,Yes,Yes,Yes,Yes,Yes,No,Yes,No,Yes,Yes,Yes,No,No,Yes,Yes,Yes,Yes,Yes,Yes,Yes,Yes,Yes,open,22 July 2022: Faulty Relative Humidity probe tip changed.,J3112
WN,Wanneroo,-31.583153,115.694155,18,WA Department of Primary Industries and Regional Development (DPIRD),DPIRD,2006-03-01,,1.25,0.5,Unidata NRL,Yes,Yes,Yes,Yes,Yes,Yes,No,Yes,Yes,Yes,Yes,Yes,No,No,Yes,Yes,Yes,Yes,Yes,Yes,Yes,Yes,Yes,open,,J3193
WR,Waroona,-32.856145,115.894339,25,Harvey Water,HW,2010-01-03,,1.25,0.5,Datataker 80,Yes,Yes,Yes,Yes,Yes,Yes,No,Yes,Yes,Yes,Yes,Yes,No,No,Yes,Yes,Yes,Yes,Yes,Yes,Yes,Yes,Yes,open,Owned by Harvey Water. ,
ML001,Warradarge East,-30.039117,115.49881,296,WA Department of Primary Industries and Regional Development (DPIRD),DPIRD,2012-06-08,,1.25,0.5,Unidata NRL,Yes,Yes,Yes,Yes,Yes,Yes,No,Yes,No,Yes,Yes,Yes,No,No,Yes,Yes,Yes,Yes,Yes,Yes,Yes,Yes,Yes,open,,J3118
WO001,Watheroo,-30.30683,116.070767,329,WA Department of Primary Industries and Regional Development (DPIRD),DPIRD,2012-06-14,,1.25,0.5,Unidata NRL from 6 Sep 2023,Yes,Yes,Yes,Yes,Yes,Yes,No,Yes,No,Yes,Yes,Yes,No,No,Yes,Yes,Yes,Yes,Yes,Yes,Yes,Yes,Yes,open,,J3095
WT001,Wattleup,-32.16302,115.831704,27,WA Department of Primary Industries and Regional Development (DPIRD),DPIRD,2018-05-03,,1.25,0.5,Unidata NRL,Yes,Yes,Yes,Yes,Yes,Yes,No,Yes,Yes,Yes,Yes,Yes,No,No,Yes,Yes,Yes,Yes,Yes,Yes,Yes,Yes,Yes,open,"Ex-Medina AWS, moved on 3 May 2018.",J3251
WE,Wellstead,-34.489212,118.619261,122,WA Department of Primary Industries and Regional Development (DPIRD),DPIRD,2008-12-04,,1.25,0.5,MEA,Yes,Yes,Yes,Yes,Yes,Yes,No,Yes,Yes,Yes,Yes,Yes,No,No,Yes,Yes,Yes,Yes,Yes,Yes,Yes,Yes,Yes,open,,J3311
WR001,West River,-33.687344,119.64875,287,WA Department of Primary Industries and Regional Development (DPIRD),DPIRD,2015-12-01,,1.25,0.5,MEA Mk5,Yes,Yes,Yes,Yes,Yes,Yes,No,Yes,Yes,Yes,Yes,Yes,No,No,Yes,Yes,Yes,Yes,Yes,Yes,Yes,Yes,Yes,open,,J3456
WS001,Westonia,-31.2283,118.5931,259,WA Department of Primary Industries and Regional Development (DPIRD),DPIRD,2012-06-28,,1.25,0.5,Unidata NRL,Yes,Yes,Yes,Yes,Yes,Yes,No,Yes,No,Yes,Yes,Yes,No,No,Yes,Yes,Yes,Yes,Yes,Yes,Yes,Yes,Yes,open,,J3109
EW,Wickepin East,-32.743018,117.863876,336,WA Department of Primary Industries and Regional Development (DPIRD),DPIRD,2008-11-22,,1.25,0.5,Unidata NRL,Yes,Yes,Yes,Yes,Yes,Yes,No,Yes,Yes,Yes,Yes,Yes,No,No,Yes,Yes,Yes,Yes,Yes,Yes,Yes,Yes,Yes,open,,J3300
WI002,Wickepin North,-32.7202417,117.4948333,317,WA Department of Primary Industries and Regional Development (DPIRD),DPIRD,2016-04-19,,1.25,0.5,Unidata NRL with sonic @ 3m,Yes,Yes,Yes,Yes,Yes,Yes,No,Yes,Yes,Yes,Yes,Yes,No,No,Yes,Yes,Yes,Yes,Yes,Yes,Yes,Yes,Yes,open,E-demonstration site,J3756
WL001,Williams,-33.0368,116.8228,346,WA Department of Primary Industries and Regional Development (DPIRD),DPIRD,2014-11-11,,1.25,0.5,Unidata,Yes,Yes,Yes,Yes,Yes,Yes,No,Yes,Yes,Yes,Yes,Yes,No,No,Yes,Yes,Yes,Yes,Yes,Yes,Yes,Yes,Yes,open,,J3433
MR001,Wilyabrup,-33.7919,115.06367,110,WA Department of Primary Industries and Regional Development (DPIRD),DPIRD,2012-07-13,,1.25,0.5,Unidata NRL,Yes,Yes,Yes,Yes,Yes,Yes,No,Yes,Yes,Yes,Yes,Yes,No,No,Yes,Yes,Yes,Yes,Yes,Yes,Yes,Yes,Yes,open,,J3125
WH,Wongan Hills,-30.844029,116.728123,329,WA Department of Primary Industries and Regional Development (DPIRD),DPIRD,2002-03-12,,1.25,0.5,Unidata NRL,Yes,Yes,Yes,Yes,Yes,Yes,No,Yes,Yes,Yes,Yes,Yes,No,No,Yes,Yes,Yes,Yes,Yes,Yes,Yes,Yes,Yes,open,,J3255
TW002,Wongoondy,-28.826389,115.513444,256,WA Department of Primary Industries and Regional Development (DPIRD),DPIRD,2019-10-03,,1.25,1,PDS YDOC CATM1,Yes,Yes,Yes,Yes,Yes,Yes,No,Yes,No,Yes,Yes,Yes,No,No,Yes,Yes,Yes,Yes,Yes,Yes,Yes,Yes,Yes,open,"WMO number 99443;
16 Dec 2021: Awaiting resolution of power problems affecting the local Telstra cell tower;
28 Jul 2021: Weather Station relocated nearby to old location with better signal reception.",P0005
WD001,Woodanilling,-33.5634,117.1732083,260,WA Department of Primary Industries and Regional Development (DPIRD),DPIRD,2016-04-19,,1.25,0.5,MEA Mk6 with sonic at 3m,Yes,Yes,Yes,Yes,Yes,Yes,No,Yes,Yes,Yes,Yes,Yes,No,No,Yes,Yes,Yes,Yes,Yes,Yes,Yes,Yes,Yes,open,E-demonstration site,J3750
MA003,Yanmah,-34.225653,116.017767,295,WA Department of Primary Industries and Regional Development (DPIRD),DPIRD,2012-12-20,,1.25,0.5,Unidata NRL,Yes,Yes,Yes,Yes,Yes,Yes,No,Yes,No,Yes,Yes,Yes,No,No,Yes,Yes,Yes,Yes,Yes,Yes,Yes,Yes,Yes,open,,J3208
YERR,Yerramin,-34.2112,116.45992,295,"WA Department of Biodiversity, Conservation and Attractions (DBCA)",DBCA,2016-12-21,,50,50,Vaisala multi-weather probe head mounted on a tower,Yes,Yes,Yes,Yes,No,Yes,Yes,Yes,No,No,Yes,No,No,Yes,Yes,Yes,Yes,Yes,Yes,Yes,Yes,Yes,Yes,open,"Maintained by Department of Biodiversity, Conservation and Attractions. Note: Rainfall recordings prior to 9 Oct 2017 (approx 12:00pm) are incorrect.",
YS,Yilgarn,-31.915622,119.256055,468,WA Department of Primary Industries and Regional Development (DPIRD),DPIRD,2008-11-01,,1.25,0.5,Unidata NRL,Yes,Yes,Yes,Yes,Yes,Yes,No,Yes,Yes,Yes,Yes,Yes,No,No,Yes,Yes,Yes,Yes,Yes,Yes,Yes,Yes,Yes,open,,J3317
YE001,York East,-31.835878,116.921077,229,WA Department of Primary Industries and Regional Development (DPIRD),DPIRD,2013-11-08,,1.25,0.5,Unidata NRL,Yes,Yes,Yes,Yes,Yes,Yes,No,Yes,Yes,Yes,Yes,Yes,No,No,Yes,Yes,Yes,Yes,Yes,Yes,Yes,Yes,Yes,open,14 July 2022: the station has been moved to the edge of the paddock.,J3292
YU001,Yuna,-28.33763,114.9898,329,WA Department of Primary Industries and Regional Development (DPIRD),DPIRD,2012-06-21,,1.25,0.5,Unidata NRL,Yes,Yes,Yes,Yes,Yes,Yes,No,Yes,No,Yes,Yes,Yes,No,No,Yes,Yes,Yes,Yes,Yes,Yes,Yes,Yes,Yes,open,,J3101
YU002,Yuna NE,-28.200324,115.261614,267,WA Department of Primary Industries and Regional Development (DPIRD),DPIRD,2016-03-24,,1.25,0.5,Unidata NRL with sonic at 3m,Yes,Yes,Yes,Yes,Yes,Yes,No,Yes,Yes,Yes,Yes,Yes,No,No,Yes,Yes,Yes,Yes,Yes,Yes,Yes,Yes,Yes,open,E-demonstration site,J3752
YU003,Yuna North,-28.120861,114.962611,264,WA Department of Primary Industries and Regional Development (DPIRD),DPIRD,2018-08-08,,1.25,0.5,"Unidata NRL, Vaisala WM301",Yes,Yes,Yes,Yes,Yes,Yes,No,Yes,Yes,Yes,Yes,Yes,No,No,Yes,Yes,Yes,Yes,Yes,Yes,Yes,Yes,Yes,open,,J3318
