,stationCode,stationName,latitude,longitude,altitude,owner,ownerCode,startDate,endDate,probeHeight,rainGaugeHeight,model,windProbeHeights,online,status,comments,jobNumber,links,airTemperature,batteryVoltage,deltaT,dewPoint,panEvaporation,relativeHumidity,barometricPressure,rainfall,soilTemperature,solarIrradiance,wetBulb,wind1,wind2,wind3,apparentTemperature,etoShort,etoTall,frostCondition,heatCondition,windErosionCondition,richardsonUnit,chillHour
0,AN001,Allanooka,-29.063612,114.997161,131.0,WA Department of Primary Industries and Regional Development (DPIRD),DPIRD,2012-06-19,,1.25,0.5,Unidata NRL,[3],True,open,,J3121,"[{'rel': 'self', 'href': 'https://api.dpird.wa.gov.au/v2/weather/stations/AN001'}]",True,True,True,True,True,True,False,True,False,True,True,True,False,False,True,True,True,True,True,True,True,True
1,AM001,Amelup,-34.270827,118.268523,200.0,WA Department of Primary Industries and Regional Development (DPIRD),DPIRD,2019-10-09,,1.25,1.0,PDS YDOC CATM1,[3],True,open,WMO number 99449,P0011,"[{'rel': 'self', 'href': 'https://api.dpird.wa.gov.au/v2/weather/stations/AM001'}]",True,True,True,True,True,True,False,True,False,True,True,True,False,False,True,True,True,True,True,True,True,True
2,SH002,Babakin,-32.12548,118.00406,313.0,WA Department of Primary Industries and Regional Development (DPIRD),DPIRD,2016-06-22,,1.25,0.5,Unidata NRL,[3],True,open,,J3451,"[{'rel': 'self', 'href': 'https://api.dpird.wa.gov.au/v2/weather/stations/SH002'}]",True,True,True,True,True,True,False,True,True,True,True,True,False,False,True,True,True,True,True,True,True,True
3,BA,Badgingarra,-30.338049,115.539491,284.0,WA Department of Primary Industries and Regional Development (DPIRD),DPIRD,2008-11-19,,1.25,0.5,Unidata NRL from 6 Sep 2023,[3],True,open,,J3315,"[{'rel': 'self', 'href': 'https://api.dpird.wa.gov.au/v2/weather/stations/BA'}]",True,True,True,True,True,True,False,True,True,True,True,True,False,False,True,True,True,True,True,True,True,True
4,BP001,Balingup,-33.7962,116.06398,227.0,WA Department of Primary Industries and Regional Development (DPIRD),DPIRD,2014-10-24,,1.25,0.5,Unidata NRL,[3],True,open,,J3461,"[{'rel': 'self', 'href': 'https://api.dpird.wa.gov.au/v2/weather/stations/BP001'}]",True,True,True,True,True,True,False,True,True,True,True,True,False,False,True,True,True,True,True,True,True,True
5,BE001,Beacon,-30.47333,117.88111,394.0,WA Department of Primary Industries and Regional Development (DPIRD),DPIRD,2012-06-27,,1.25,0.5,Unidata NRL,[3],True,open,,N3108,"[{'rel': 'self', 'href': 'https://api.dpird.wa.gov.au/v2/weather/stations/BE001'}]",True,True,True,True,True,True,False,True,False,True,True,True,False,False,True,True,True,True,True,True,True,True
6,ME004,Belka East,-31.7285278,118.2979722,294.0,WA Department of Primary Industries and Regional Development (DPIRD),DPIRD,2016-04-19,,1.25,0.5,Unidata NRL with sonic at 3m,[3],True,open,E-demonstration site,J3759,"[{'rel': 'self', 'href': 'https://api.dpird.wa.gov.au/v2/weather/stations/ME004'}]",True,True,True,True,True,True,False,True,True,True,True,True,False,False,True,True,True,True,True,True,True,True
7,BC001,Bencubbin,-30.818056,117.864758,350.0,WA Department of Primary Industries and Regional Development (DPIRD),DPIRD,2016-06-17,,1.25,0.5,Unidata NRL,[3],True,open,,J3460,"[{'rel': 'self', 'href': 'https://api.dpird.wa.gov.au/v2/weather/stations/BC001'}]",True,True,True,True,True,True,False,True,True,True,True,True,False,False,True,True,True,True,True,True,True,True
8,BB001,Bindi Bindi,-30.59319,116.3527,284.0,WA Department of Primary Industries and Regional Development (DPIRD),DPIRD,2012-06-22,,1.25,0.5,Unidata NRL,[3],True,open,,J3099,"[{'rel': 'self', 'href': 'https://api.dpird.wa.gov.au/v2/weather/stations/BB001'}]",True,True,True,True,True,True,False,True,False,True,True,True,False,False,True,True,True,True,True,True,True,True
9,ER002,Bindoo,-28.512249,115.216534,188.0,WA Department of Primary Industries and Regional Development (DPIRD),DPIRD,2019-10-02,,1.25,1.0,PDS YDOC CATM1,[3],True,open,"24 June 2021: We are aware of the current outage at this station, repairs are planned for 2-3 July.
WMO number 99441.",P0003,"[{'rel': 'self', 'href': 'https://api.dpird.wa.gov.au/v2/weather/stations/ER002'}]",True,True,True,True,True,True,False,True,False,True,True,True,False,False,True,True,True,True,True,True,True,True
10,BX001,Bindoon,-31.398,116.101,138.0,WA Department of Primary Industries and Regional Development (DPIRD),DPIRD,2012-11-29,,1.25,0.5,Unidata NRL,[3],True,open,,N3178,"[{'rel': 'self', 'href': 'https://api.dpird.wa.gov.au/v2/weather/stations/BX001'}]",True,True,True,True,True,True,False,True,False,True,True,True,False,False,True,True,True,True,True,True,True,True
11,BI,Binnu,-28.051,114.69575,277.0,WA Department of Primary Industries and Regional Development (DPIRD),DPIRD,2008-06-24,,1.25,0.5,Unidata NRL and SONIC @10m,"[3, 10]",True,open,"9 March 2022: Rainfall recorded since 20th February 2022 is suspected to be false. The rain gauge had become disconnected recently and recorded large amounts of false rainfall from 6th March onwards, which has been removed but may not be reflected in the rainfall totals until 10th March. Further rainfall back to 20th February may also be removed if confirmed to be false.",J3326,"[{'rel': 'self', 'href': 'https://api.dpird.wa.gov.au/v2/weather/stations/BI'}]",True,True,True,True,True,True,False,True,True,True,True,True,True,False,True,True,True,True,True,True,True,True
12,BI002,Binnu West,-28.014442,114.406062,248.0,WA Department of Primary Industries and Regional Development (DPIRD),DPIRD,2019-10-01,,1.25,1.0,PDS YDOC CATM1,[3],True,open,WMO number 99420,P0001,"[{'rel': 'self', 'href': 'https://api.dpird.wa.gov.au/v2/weather/stations/BI002'}]",True,True,True,True,True,True,False,True,False,True,True,True,False,False,True,True,True,True,True,True,True,True
13,BR,Bonnie Rock,-30.599684,118.531384,366.0,WA Department of Primary Industries and Regional Development (DPIRD),DPIRD,2008-11-13,,1.25,0.5,Unidata NRL,[3],True,open,,J3313,"[{'rel': 'self', 'href': 'https://api.dpird.wa.gov.au/v2/weather/stations/BR'}]",True,True,True,True,True,True,False,True,True,True,True,True,False,False,True,True,True,True,True,True,True,True
14,DB002,Boyanup,-33.486286,115.72515,37.0,WA Department of Primary Industries and Regional Development (DPIRD),DPIRD,2023-02-13,,1.25,0.5,Unidata NRL  with sonic @3m,[3],True,open,,J3252,"[{'rel': 'self', 'href': 'https://api.dpird.wa.gov.au/v2/weather/stations/DB002'}]",True,True,True,True,True,True,False,True,True,True,True,True,False,False,True,True,True,True,True,True,True,True
15,BO001,Boyatup,-33.7599,123.124725,87.0,WA Department of Primary Industries and Regional Development (DPIRD),DPIRD,2015-12-01,,1.25,0.5,Unidata NRL,[3],True,open,,J3453,"[{'rel': 'self', 'href': 'https://api.dpird.wa.gov.au/v2/weather/stations/BO001'}]",True,True,True,True,True,True,False,True,True,True,True,True,False,False,True,True,True,True,True,True,True,True
16,BY001,Bremer Bay,-34.382888,119.32666,42.0,WA Department of Primary Industries and Regional Development (DPIRD),DPIRD,2016-06-22,,1.25,0.5,MEA Mk5,[3],True,open,,J3448,"[{'rel': 'self', 'href': 'https://api.dpird.wa.gov.au/v2/weather/stations/BY001'}]",True,True,True,True,True,True,False,True,True,True,True,True,False,False,True,True,True,True,True,True,True,True
17,BN001,Brookton,-32.3868,117.01348,269.0,WA Department of Primary Industries and Regional Development (DPIRD),DPIRD,2012-07-02,,1.25,0.5,Unidata NRL,[3],True,open,Converted to Unidata NRL 26 Aug 2023,Y3098,"[{'rel': 'self', 'href': 'https://api.dpird.wa.gov.au/v2/weather/stations/BN001'}]",True,True,True,True,True,True,False,True,False,True,True,True,False,False,True,True,True,True,True,True,True,True
18,BR010,Broome (Skuthorpe),-17.86165,122.4161,37.0,WA Department of Primary Industries and Regional Development (DPIRD),DPIRD,2020-03-26,,1.25,1.0,PDS YDOC CATM1,[3],True,open,,P0018,"[{'rel': 'self', 'href': 'https://api.dpird.wa.gov.au/v2/weather/stations/BR010'}]",True,True,True,True,True,True,False,True,False,True,True,True,False,False,True,True,True,True,True,True,True,True
19,BJ,Brunswick Junction,-33.270855,115.79648,17.0,Harvey Water,HW,2014-07-29,,1.25,0.5,Datataker 80,[3],True,open,Owned by Harvey Water. Installed 30/7/2014.,,"[{'rel': 'self', 'href': 'https://api.dpird.wa.gov.au/v2/weather/stations/BJ'}]",True,True,True,True,True,True,False,True,True,True,True,True,False,False,True,True,True,True,True,True,True,True
20,BT001,Buntine West,-29.93843,116.34875,345.0,WA Department of Primary Industries and Regional Development (DPIRD),DPIRD,2016-06-22,,1.25,0.5,Unidata NRL,[3],True,open,,J3436,"[{'rel': 'self', 'href': 'https://api.dpird.wa.gov.au/v2/weather/stations/BT001'}]",True,True,True,True,True,True,False,True,True,True,True,True,False,False,True,True,True,True,True,True,True,True
21,BK001,Burakin,-30.52964,117.18067,370.0,WA Department of Primary Industries and Regional Development (DPIRD),DPIRD,2016-06-22,,1.25,0.5,Unidata NRL,[3],True,open,,J3464,"[{'rel': 'self', 'href': 'https://api.dpird.wa.gov.au/v2/weather/stations/BK001'}]",True,True,True,True,True,True,False,True,True,True,True,True,False,False,True,True,True,True,True,True,True,True
22,SB001,Burracoppin South,-31.587553,118.698667,419.0,WA Department of Primary Industries and Regional Development (DPIRD),DPIRD,2012-06-05,,1.25,0.5,Unidata NRL,[3],True,open,,J3092,"[{'rel': 'self', 'href': 'https://api.dpird.wa.gov.au/v2/weather/stations/SB001'}]",True,True,True,True,True,True,False,True,False,True,True,True,False,False,True,True,True,True,True,True,True,True
23,CE001,Canna East,-28.849235,115.996978,337.0,WA Department of Primary Industries and Regional Development (DPIRD),DPIRD,2012-11-29,,1.25,0.5,Unidata NRL,[3],True,open,16-17 Dec 2021: Station temporarily disabled while work is being done onsite to install an antenna tower,J3176,"[{'rel': 'self', 'href': 'https://api.dpird.wa.gov.au/v2/weather/stations/CE001'}]",True,True,True,True,True,True,False,True,False,True,True,True,False,False,True,True,True,True,True,True,True,True
24,CL001,Capel,-33.60946667,115.6406667,44.0,WA Department of Primary Industries and Regional Development (DPIRD),DPIRD,2012-12-20,,1.25,0.5,Unidata NRL,[3],True,open,Feb 2017: Missing rainfall for the month.,J3210,"[{'rel': 'self', 'href': 'https://api.dpird.wa.gov.au/v2/weather/stations/CL001'}]",True,True,True,True,True,True,False,True,False,True,True,True,False,False,True,True,True,True,True,True,True,True
25,CE002,Carnamah East,-29.69999,116.14498,344.0,WA Department of Primary Industries and Regional Development (DPIRD),DPIRD,2019-10-04,,1.25,1.0,PDS YDOC CATM1,[3],True,open,WMO number 99444,P0006,"[{'rel': 'self', 'href': 'https://api.dpird.wa.gov.au/v2/weather/stations/CE002'}]",True,True,True,True,True,True,False,True,False,True,True,True,False,False,True,True,True,True,True,True,True,True
26,CA,Carnarvon 1,-24.851402,113.731443,14.0,WA Department of Primary Industries and Regional Development (DPIRD),DPIRD,2001-12-29,,1.25,0.5,Unidata NRL,[3],True,open,,J3249,"[{'rel': 'self', 'href': 'https://api.dpird.wa.gov.au/v2/weather/stations/CA'}]",True,True,True,True,True,True,False,True,True,True,True,True,False,False,True,True,True,True,True,True,True,True
27,CA001,Cascade,-33.495591,121.137904,169.0,WA Department of Primary Industries and Regional Development (DPIRD),DPIRD,2012-07-18,,1.25,0.5,Unidata NRL,[3],True,open,,J3110,"[{'rel': 'self', 'href': 'https://api.dpird.wa.gov.au/v2/weather/stations/CA001'}]",True,True,True,True,True,True,False,True,False,True,True,True,False,False,True,True,True,True,True,True,True,True
28,CS003,Cascade NE,-33.13,121.18686,237.0,WA Department of Primary Industries and Regional Development (DPIRD),DPIRD,2016-01-12,,1.25,0.5,Unidata NRL,[3],True,open,,J3446,"[{'rel': 'self', 'href': 'https://api.dpird.wa.gov.au/v2/weather/stations/CS003'}]",True,True,True,True,True,True,False,True,True,True,True,True,False,False,True,True,True,True,True,True,True,True
29,CS002,Cascade NW,-33.3588,120.71417,245.0,WA Department of Primary Industries and Regional Development (DPIRD),DPIRD,2015-12-09,,1.25,0.5,Unidata NRL,[3],True,open,Date note 9 June 2018: The station is affected by intermittent transmission outages and potential data errors.,J3445,"[{'rel': 'self', 'href': 'https://api.dpird.wa.gov.au/v2/weather/stations/CS002'}]",True,True,True,True,True,True,False,True,True,True,True,True,False,False,True,True,True,True,True,True,True,True
30,CH,Chapman,-28.457779,114.776781,191.0,WA Department of Primary Industries and Regional Development (DPIRD),DPIRD,2008-11-19,,1.25,0.5,Unidata NRL,[3],True,open,,J3308,"[{'rel': 'self', 'href': 'https://api.dpird.wa.gov.au/v2/weather/stations/CH'}]",True,True,True,True,True,True,False,True,True,True,True,True,False,False,True,True,True,True,True,True,True,True
31,CN001,Condingup,-33.752886,122.301357,99.0,WA Department of Primary Industries and Regional Development (DPIRD),DPIRD,2012-07-17,,1.25,0.5,Unidata NRL,[3],True,open,,J3126,"[{'rel': 'self', 'href': 'https://api.dpird.wa.gov.au/v2/weather/stations/CN001'}]",True,True,True,True,True,True,False,True,True,True,True,True,False,False,True,True,True,True,True,True,True,True
32,CP001,Coomalbidgup,-33.74698,121.281884,67.0,WA Department of Primary Industries and Regional Development (DPIRD),DPIRD,2012-11-29,,1.25,0.5,Unidata NRL,[3],True,open,,J3181,"[{'rel': 'self', 'href': 'https://api.dpird.wa.gov.au/v2/weather/stations/CP001'}]",True,True,True,True,True,True,False,True,False,True,True,True,False,False,True,True,True,True,True,True,True,True
33,CW001,Coorow,-29.93692095,115.9720375,275.0,WA Department of Primary Industries and Regional Development (DPIRD),DPIRD,2012-12-18,,1.25,0.5,Unidata NRL,[3],True,open,,J3209,"[{'rel': 'self', 'href': 'https://api.dpird.wa.gov.au/v2/weather/stations/CW001'}]",True,True,True,True,True,True,False,True,False,True,True,True,False,False,True,True,True,True,True,True,True,True
34,CD001,Cordering,-33.538306,116.606491,300.0,WA Department of Primary Industries and Regional Development (DPIRD),DPIRD,2012-12-04,,1.25,0.5,Unidata NRL,[3],True,open,,J3189,"[{'rel': 'self', 'href': 'https://api.dpird.wa.gov.au/v2/weather/stations/CD001'}]",True,True,True,True,True,True,False,True,False,True,True,True,False,False,True,True,True,True,True,True,True,True
35,CO001,Corrigin,-32.34565,117.8078,366.0,WA Department of Primary Industries and Regional Development (DPIRD),DPIRD,2012-04-17,,1.25,0.5,Unidata NRL,[3],True,open,,J3088,"[{'rel': 'self', 'href': 'https://api.dpird.wa.gov.au/v2/weather/stations/CO001'}]",True,True,True,True,True,True,False,True,False,True,True,True,False,False,True,True,True,True,True,True,True,True
36,CO002,Corrigin East,-32.32285,118.0856,269.0,WA Department of Primary Industries and Regional Development (DPIRD),DPIRD,2016-04-19,,1.25,0.5,Unidata NRL with sonic at 3m,[3],True,open,E-demonstration site,J3755,"[{'rel': 'self', 'href': 'https://api.dpird.wa.gov.au/v2/weather/stations/CO002'}]",True,True,True,True,True,True,False,True,True,True,True,True,False,False,True,True,True,True,True,True,True,True
37,CP002,Cowalellup,-34.142386,118.591089,282.0,WA Department of Primary Industries and Regional Development (DPIRD),DPIRD,2019-10-08,,1.25,1.0,PDS YDOC CATM1,[3],True,open,WMO number 99446,P0008,"[{'rel': 'self', 'href': 'https://api.dpird.wa.gov.au/v2/weather/stations/CP002'}]",True,True,True,True,True,True,False,True,False,True,True,True,False,False,True,True,True,True,True,True,True,True
38,CR001,Cranbrook Dam 3,-34.302798,117.576323,,Water Corporation (WaterCorp),WC,2023-08-04,,1.2,0.5,PDS YDOC,[3],True,open,,W0004,"[{'rel': 'self', 'href': 'https://api.dpird.wa.gov.au/v2/weather/stations/CR001'}]",True,True,True,True,True,True,True,True,False,True,True,True,False,False,True,True,True,True,True,True,True,True
39,BCAA,DBCA-A Portable,-33.935,115.0842,101.0,"WA Department of Biodiversity, Conservation and Attractions (DBCA)",DBCA,2021-01-23,,1.25,0.5,FTS Quick Deploy Portable RAWS,[3],False,open,"WMO Number 99455. This station will be moved from time to time as needed. Please note the data history for this station will not all be for the current location, but as recorded at each previous location.",,"[{'rel': 'self', 'href': 'https://api.dpird.wa.gov.au/v2/weather/stations/BCAA'}]",True,True,True,True,True,True,False,True,False,True,True,True,False,False,True,True,True,True,True,True,True,True
40,BCAB,DBCA-B Portable,-30.2759,115.0926,59.0,"WA Department of Biodiversity, Conservation and Attractions (DBCA)",DBCA,2020-12-04,,1.25,0.5,FTS Quick Deploy Portable RAWS,[3],True,open,"WMO Number 99456. This station will be moved from time to time as needed. Please note the data history for this station will not all be for the current location, but as recorded at each previous location.",,"[{'rel': 'self', 'href': 'https://api.dpird.wa.gov.au/v2/weather/stations/BCAB'}]",True,True,True,True,True,True,False,True,False,True,True,True,False,False,True,True,True,True,True,True,True,True
41,BTSA,DFES-A Portable,-25.055,115.2096,144.0,WA Department of Fire and Emergency Services (DFES),DFES,2020-04-21,,1.25,0.5,FTS Quick Deploy Portable RAWS,[3],True,open,"WMO Number 99150. This station will be moved from time to time as needed. Please note the data history for this station will not all be for the current location, but as recorded at each previous location. Will be operating at Gascoyne Junction  from 15 Nov 2021. Previously located at West Toodyay until 28 Oct 2021.",,"[{'rel': 'self', 'href': 'https://api.dpird.wa.gov.au/v2/weather/stations/BTSA'}]",True,True,True,True,True,True,False,True,False,True,True,True,False,False,True,True,True,True,True,True,True,True
42,BTSB,DFES-B Talbot West,-31.9606,116.6898,354.0,WA Department of Fire and Emergency Services (DFES),DFES,2020-08-27,,1.25,0.5,FTS Quick Deploy Portable RAWS,[3],True,open,"WMO Number 99457. This station will be moved from time to time as needed. Please note the data history for this station will not all be for the current location, but as recorded at each previous location.",,"[{'rel': 'self', 'href': 'https://api.dpird.wa.gov.au/v2/weather/stations/BTSB'}]",True,True,True,True,True,True,False,True,False,True,True,True,False,False,True,True,True,True,True,True,True,True
43,BTSC,DFES-C Portable,-27.6866,114.2619,156.0,WA Department of Fire and Emergency Services (DFES),DFES,2020-09-03,,1.25,0.5,FTS Quick Deploy Portable RAWS,[3],True,open,"WMO Number 99458. This station will be moved from time to time as needed. Please note the data history for this station will not all be for the current location, but as recorded at each previous location. It was located at Lat -17.6405, Long 123.176 in the West Kimberley 3-25 Sept 2020.",,"[{'rel': 'self', 'href': 'https://api.dpird.wa.gov.au/v2/weather/stations/BTSC'}]",True,True,True,True,True,True,False,True,False,True,True,True,False,False,True,True,True,True,True,True,True,True
44,BTSD,DFES-D Boorabbin,-31.2144,120.2593,458.0,WA Department of Fire and Emergency Services (DFES),DFES,2020-09-14,,1.25,0.5,FTS Quick Deploy Portable RAWS,[3],True,open,"WMO Number 99459. This station will be moved from time to time as needed. Please note the data history for this station will not all be for the current location, but as recorded at each previous location.",,"[{'rel': 'self', 'href': 'https://api.dpird.wa.gov.au/v2/weather/stations/BTSD'}]",True,True,True,True,True,True,False,True,False,True,True,True,False,False,True,True,True,True,True,True,True,True
45,BTSE,DFES-E Portable,-16.4202,126.4414,515.0,WA Department of Fire and Emergency Services (DFES),DFES,2021-01-03,,1.25,0.5,FTS Quick Deploy Portable RAWS,[3],True,open,"WMO Number 99460. This station will be moved from time to time as needed. Please note the data history for this station will not all be for the current location, but as recorded at each previous location. It was located near Kwinana (at Lat -32.2197, Long 115.789) temporarily over 3-5 Jan 2021.",,"[{'rel': 'self', 'href': 'https://api.dpird.wa.gov.au/v2/weather/stations/BTSE'}]",True,True,True,True,True,True,False,True,False,True,True,True,False,False,True,True,True,True,True,True,True,True
46,BTSF,DFES-F Portable,-33.3424,116.1367,209.0,WA Department of Fire and Emergency Services (DFES),DFES,2022-02-06,,1.25,0.5,FTS Quick Deploy Portable RAWS,[3],True,open,"WMO Number 99404. This station will be deployed when needed. Please note the data history for this station will not all be for the current location, but as recorded at each previous location.
From 5 May 2023: Koolinup ESC, Collie
6-10 Feb 2022: Located near Denmark at Lat -35.0298, Long 117.144",,"[{'rel': 'self', 'href': 'https://api.dpird.wa.gov.au/v2/weather/stations/BTSF'}]",True,True,True,True,True,True,False,True,False,True,True,True,False,False,True,True,True,True,True,True,True,True
47,BTSG,DFES-G Portable,-32.508,115.8137,6.0,WA Department of Fire and Emergency Services (DFES),DFES,2022-02-06,,1.25,0.5,FTS Quick Deploy Portable RAWS,[3],True,open,"WMO Number 99405. This station will be deployed when needed. Please note the data history for this station will not all be for the current location, but as recorded at each previous location. 
From 2 May 2023: DFES Stake Hill
6-10 Feb 2022: Located near Denmark at Lat -34.9312, Long 117.179",,"[{'rel': 'self', 'href': 'https://api.dpird.wa.gov.au/v2/weather/stations/BTSG'}]",True,True,True,True,True,True,False,True,False,True,True,True,False,False,True,True,True,True,True,True,True,True
48,BTSH,DFES-H Portable,,,,WA Department of Fire and Emergency Services (DFES),DFES,,,1.25,0.5,FTS Quick Deploy Portable RAWS,[3],False,open,"This station will be moved from time to time as needed. Please note the data history for this station will not all be for the current location, but as recorded at each previous location.",,"[{'rel': 'self', 'href': 'https://api.dpird.wa.gov.au/v2/weather/stations/BTSH'}]",True,True,True,True,True,True,False,True,False,True,True,True,False,False,True,True,True,True,True,True,True,True
49,BTSI,DFES-I Portable,-19.2297,121.6167,40.0,WA Department of Fire and Emergency Services (DFES),DFES,2023-10-24,,1.25,0.5,FTS Quick Deploy Portable RAWS,[3],False,open,"This station will be deployed as needed. Please note the data history for this station will not all be for the current location, but as recorded at each previous location. 

From 26/10/2023 15:30: Operating at Anna Plains.
From 25/10/2023 Operating at Kilto.",,"[{'rel': 'self', 'href': 'https://api.dpird.wa.gov.au/v2/weather/stations/BTSI'}]",True,True,True,True,True,True,False,True,False,True,True,True,False,False,True,True,True,True,True,True,True,True
50,DG001,Dandaragan East,-30.826939,115.763161,184.0,WA Department of Primary Industries and Regional Development (DPIRD),DPIRD,2020-12-15,,1.25,0.5,Unidata NRL (custom),[3],True,open,,J3378,"[{'rel': 'self', 'href': 'https://api.dpird.wa.gov.au/v2/weather/stations/DG001'}]",True,True,True,True,True,True,False,True,True,True,True,True,False,False,True,True,True,True,True,True,True,True
51,DA,Dardanup (Waterloo),-33.33677,115.783505,19.0,Harvey Water,HW,2010-03-15,,1.25,0.5,Datataker 80,[3],True,open,Owned by Harvey Water.,,"[{'rel': 'self', 'href': 'https://api.dpird.wa.gov.au/v2/weather/stations/DA'}]",True,True,True,True,True,True,False,True,True,True,True,True,False,False,True,True,True,True,True,True,True,True
52,DA002,Dardanup 2,-33.38717,115.86655,263.0,WA Department of Primary Industries and Regional Development (DPIRD),DPIRD,2014-10-21,,1.25,0.5,Unidata NRL,[3],True,open,,J3457,"[{'rel': 'self', 'href': 'https://api.dpird.wa.gov.au/v2/weather/stations/DA002'}]",True,True,True,True,True,True,False,True,True,True,True,True,False,False,True,True,True,True,True,True,True,True
53,DK001,Darkan,-33.26455,116.8262,260.0,WA Department of Primary Industries and Regional Development (DPIRD),DPIRD,2012-07-03,,1.25,0.5,Unidata NRL,[3],True,open,,J3113,"[{'rel': 'self', 'href': 'https://api.dpird.wa.gov.au/v2/weather/stations/DK001'}]",True,True,True,True,True,True,False,True,False,True,True,True,False,False,True,True,True,True,True,True,True,True
54,DM001,Denmark,-34.95226,117.370933,26.0,WA Department of Primary Industries and Regional Development (DPIRD),DPIRD,2012-12-05,,1.25,0.5,MEA,[3],True,open,,J3184,"[{'rel': 'self', 'href': 'https://api.dpird.wa.gov.au/v2/weather/stations/DM001'}]",True,True,True,True,True,True,False,True,False,True,True,True,False,False,True,True,True,True,True,True,True,True
55,DP001,Dinninup,-33.800513,116.552662,267.0,WA Department of Primary Industries and Regional Development (DPIRD),DPIRD,2012-12-04,,1.25,0.5,Unidata NRL,[3],True,open,,J3192,"[{'rel': 'self', 'href': 'https://api.dpird.wa.gov.au/v2/weather/stations/DP001'}]",True,True,True,True,True,True,False,True,False,True,True,True,False,False,True,True,True,True,True,True,True,True
56,DB,Donnybrook,-33.541143,115.820985,71.0,WA Department of Primary Industries and Regional Development (DPIRD),DPIRD,2007-02-19,,1.25,0.5,Unidata NRL,[3],True,open,,J3203,"[{'rel': 'self', 'href': 'https://api.dpird.wa.gov.au/v2/weather/stations/DB'}]",True,True,True,True,True,True,False,True,True,True,True,True,False,False,True,True,True,True,True,True,True,True
57,DR001,Dragon Rocks,-32.8497,119.038966,366.0,WA Department of Primary Industries and Regional Development (DPIRD),DPIRD,2012-11-29,,1.25,0.5,Unidata NRL,[3],True,open,,J3180,"[{'rel': 'self', 'href': 'https://api.dpird.wa.gov.au/v2/weather/stations/DR001'}]",True,True,True,True,True,True,False,True,False,True,True,True,False,False,True,True,True,True,True,True,True,True
58,TS002,Dudawa,-29.27243,115.725056,328.0,WA Department of Primary Industries and Regional Development (DPIRD),DPIRD,2016-06-17,,1.25,0.5,Unidata NRL,[3],True,open,Extensively damaged by TC Seroja 11-12 April 2021,J3437,"[{'rel': 'self', 'href': 'https://api.dpird.wa.gov.au/v2/weather/stations/TS002'}]",True,True,True,True,True,True,False,True,True,True,True,True,False,False,True,True,True,True,True,True,True,True
59,DU001,Dumbleyung,-33.322317,117.749167,277.0,WA Department of Primary Industries and Regional Development (DPIRD),DPIRD,2012-07-04,,1.25,0.5,Unidata NRL,[3],True,open,,J3116,"[{'rel': 'self', 'href': 'https://api.dpird.wa.gov.au/v2/weather/stations/DU001'}]",True,True,True,True,True,True,False,True,False,True,True,True,False,False,True,True,True,True,True,True,True,True
60,DU002,Dumbleyung GRDC,-33.33905,117.784184,302.0,WA Department of Primary Industries and Regional Development (DPIRD),DPIRD,2016-06-28,,1.25,0.5,MEA profile tower with UNIDATA Prologger,"[3, 10]",True,open,Originally for GRDC project.,J3386,"[{'rel': 'self', 'href': 'https://api.dpird.wa.gov.au/v2/weather/stations/DU002'}]",True,True,True,True,True,True,False,True,True,True,True,True,True,False,True,True,True,True,True,True,True,True
61,EB,East Beverley,-32.142505,117.173785,243.0,WA Department of Primary Industries and Regional Development (DPIRD),DPIRD,2008-11-23,,1.25,0.5,Unidata NRL,[3],True,open,,J3294,"[{'rel': 'self', 'href': 'https://api.dpird.wa.gov.au/v2/weather/stations/EB'}]",True,True,True,True,True,True,False,True,True,True,True,True,False,False,True,True,True,True,True,True,True,True
62,EJ001,Ejanding,-30.9932,117.1358,366.0,WA Department of Primary Industries and Regional Development (DPIRD),DPIRD,2012-06-14,,1.25,0.5,Unidata NRL,[3],True,open,,J3096,"[{'rel': 'self', 'href': 'https://api.dpird.wa.gov.au/v2/weather/stations/EJ001'}]",True,True,True,True,True,True,False,True,False,True,True,True,False,False,True,True,True,True,True,True,True,True
63,EN001,Eneabba,-29.77764,115.31929,191.0,WA Department of Primary Industries and Regional Development (DPIRD),DPIRD,2012-06-14,,1.25,0.5,Unidata NRL,[3],True,open,,J3117,"[{'rel': 'self', 'href': 'https://api.dpird.wa.gov.au/v2/weather/stations/EN001'}]",True,True,True,True,True,True,False,True,False,True,True,True,False,False,True,True,True,True,True,True,True,True
64,ER,Eradu 2,-28.695861,114.980032,259.0,WA Department of Primary Industries and Regional Development (DPIRD),DPIRD,2008-11-19,,1.25,0.5,Unidata NRL,[3],True,open,Data note 18 Feb 2017 to 26 June 2017: The station had ongoing faults during this period.,J3309,"[{'rel': 'self', 'href': 'https://api.dpird.wa.gov.au/v2/weather/stations/ER'}]",True,True,True,True,True,True,False,True,True,True,True,True,False,False,True,True,True,True,True,True,True,True
65,ES001,Erangy Springs,-28.84754,115.27215,259.0,WA Department of Primary Industries and Regional Development (DPIRD),DPIRD,2012-06-20,,1.25,0.5,Unidata NRL,[3],True,open,,J3102,"[{'rel': 'self', 'href': 'https://api.dpird.wa.gov.au/v2/weather/stations/ES001'}]",True,True,True,True,True,True,False,True,False,True,True,True,False,False,True,True,True,True,True,True,True,True
66,ES,Esperance Downs,-33.609175,121.795591,158.0,WA Department of Primary Industries and Regional Development (DPIRD),DPIRD,2001-05-24,,1.25,0.5,Unidata NRL,[3],True,open,Located on Esperance Downs Research Station at Gibson.,J3295,"[{'rel': 'self', 'href': 'https://api.dpird.wa.gov.au/v2/weather/stations/ES'}]",True,True,True,True,True,True,False,True,True,True,True,True,False,False,True,True,True,True,True,True,True,True
67,FL,Floreat Park,-31.951181,115.792334,19.0,WA Department of Primary Industries and Regional Development (DPIRD),DPIRD,2008-11-14,,1.25,0.5,Unidata NRL,[3],True,open,,Y3254,"[{'rel': 'self', 'href': 'https://api.dpird.wa.gov.au/v2/weather/stations/FL'}]",True,True,True,True,True,True,False,True,True,True,True,True,False,False,True,True,True,True,True,True,True,True
68,GI001,Fouracres,-34.30745,115.549422,35.0,WA Department of Primary Industries and Regional Development (DPIRD),DPIRD,2012-12-11,,1.25,0.5,Unidata NRL,[3],True,open,,J3198,"[{'rel': 'self', 'href': 'https://api.dpird.wa.gov.au/v2/weather/stations/GI001'}]",True,True,True,True,True,True,False,True,False,True,True,True,False,False,True,True,True,True,True,True,True,True
69,FR,Frankland,-34.36490058,116.9806311,224.0,WA Department of Primary Industries and Regional Development (DPIRD),DPIRD,2009-08-13,,1.25,0.5,Unidata NRL,[3],True,open,,J3319,"[{'rel': 'self', 'href': 'https://api.dpird.wa.gov.au/v2/weather/stations/FR'}]",True,True,True,True,True,True,False,True,True,True,True,True,False,False,True,True,True,True,True,True,True,True
70,FR002,Frankland North,-34.237208,117.044738,313.0,WA Department of Primary Industries and Regional Development (DPIRD),DPIRD,2021-01-21,2022-09-01,1.25,0.5,Unidata NRL,[3],True,open,"15 Mar 2023: Station redeployed as a standard DPIRD station.
1 Sep 2022: Ended trial of station with alternative communication technology. Note that although the minute data is trust-worthy, there are large data gaps during the trial period that make summary data for this period unusable.",J3293,"[{'rel': 'self', 'href': 'https://api.dpird.wa.gov.au/v2/weather/stations/FR002'}]",True,True,True,True,True,True,False,True,False,True,True,True,False,False,True,True,True,True,True,True,True,True
71,GA001,Gairdner,-34.305433,119.09855,82.0,WA Department of Primary Industries and Regional Development (DPIRD),DPIRD,2012-07-19,,1.25,0.5,MEA,[3],True,open,The wind direction prior to 16 Jan 2019 12pm is incorrect.,J3122,"[{'rel': 'self', 'href': 'https://api.dpird.wa.gov.au/v2/weather/stations/GA001'}]",True,True,True,True,True,True,False,True,False,True,True,True,False,False,True,True,True,True,True,True,True,True
72,GW,Gingin West,-31.331817,115.603514,86.0,WA Department of Primary Industries and Regional Development (DPIRD),DPIRD,2008-01-30,,1.25,0.5,Unidata NRL,[3],True,open,,J3297,"[{'rel': 'self', 'href': 'https://api.dpird.wa.gov.au/v2/weather/stations/GW'}]",True,True,True,True,True,True,False,True,True,True,True,True,False,False,True,True,True,True,True,True,True,True
73,GE001,Glen Eagle,-32.252814,116.141504,313.0,WA Department of Primary Industries and Regional Development (DPIRD),DPIRD,2015-07-31,,1.25,0.5,Unidata NRL,[3],True,open,Installed 27/7/2015,J3435,"[{'rel': 'self', 'href': 'https://api.dpird.wa.gov.au/v2/weather/stations/GE001'}]",True,True,True,True,True,True,False,True,True,True,True,True,False,False,True,True,True,True,True,True,True,True
74,GN002,Gnowangerup GRDC,-33.97145,118.01766,268.0,WA Department of Primary Industries and Regional Development (DPIRD),DPIRD,2016-06-28,,1.25,0.5,MEA profile tower with UNIDATA Prologger,[3],True,open,Originally for GRDC project.,J3385,"[{'rel': 'self', 'href': 'https://api.dpird.wa.gov.au/v2/weather/stations/GN002'}]",True,True,True,True,True,True,False,True,True,True,True,True,True,False,True,True,True,True,True,True,True,True
75,KL002,Goodlands,-30.034942,117.240167,372.0,WA Department of Primary Industries and Regional Development (DPIRD),DPIRD,2016-06-22,,1.25,0.5,Unidata NRL,[3],True,open,,J3465,"[{'rel': 'self', 'href': 'https://api.dpird.wa.gov.au/v2/weather/stations/KL002'}]",True,True,True,True,True,True,False,True,True,True,True,True,False,False,True,True,True,True,True,True,True,True
76,GP001,Grass Patch,-33.2649722,121.5751111,195.0,WA Department of Primary Industries and Regional Development (DPIRD),DPIRD,2016-04-19,,1.25,0.5,Unidata NRL with sonic at 3m,[3],True,open,E-demonstration site,J3754,"[{'rel': 'self', 'href': 'https://api.dpird.wa.gov.au/v2/weather/stations/GP001'}]",True,True,True,True,True,True,False,True,True,True,True,True,False,False,True,True,True,True,True,True,True,True
77,GU001,Gutha West,-29.058694,115.821458,335.0,WA Department of Primary Industries and Regional Development (DPIRD),DPIRD,2012-11-29,,1.25,0.5,Unidata NRL,[3],True,open,,J3177,"[{'rel': 'self', 'href': 'https://api.dpird.wa.gov.au/v2/weather/stations/GU001'}]",True,True,True,True,True,True,False,True,False,True,True,True,False,False,True,True,True,True,True,True,True,True
78,HV,Harvey,-33.062245,115.854561,28.0,Harvey Water,HW,2010-03-15,,1.25,0.5,Datataker 80,[3],True,open,Owned by Harvey Water.,,"[{'rel': 'self', 'href': 'https://api.dpird.wa.gov.au/v2/weather/stations/HV'}]",True,True,True,True,True,True,False,True,True,True,True,True,False,False,True,True,True,True,True,True,True,True
79,NA002,Highbury East,-33.076893,117.451564,324.0,WA Department of Primary Industries and Regional Development (DPIRD),DPIRD,2016-06-22,,1.25,0.5,Unidata NRL,[3],True,open,Station relocated a small distance on 24 May 2021 to enable 3G signal reception. Location is now a little higher in the landscape and less susceptible to frost to be more representative of surrounding areas (as the previous low location was susceptible to frost more than average).,J3447,"[{'rel': 'self', 'href': 'https://api.dpird.wa.gov.au/v2/weather/stations/NA002'}]",True,True,True,True,True,True,False,True,True,True,True,True,False,False,True,True,True,True,True,True,True,True
80,HR,Holt Rock,-32.572418,119.501014,366.0,WA Department of Primary Industries and Regional Development (DPIRD),DPIRD,2008-12-03,,1.25,0.5,Unidata NRL,[3],True,open,,J3304,"[{'rel': 'self', 'href': 'https://api.dpird.wa.gov.au/v2/weather/stations/HR'}]",True,True,True,True,True,True,False,True,True,True,True,True,False,False,True,True,True,True,True,True,True,True
81,HY001,Hyden,-32.44397,118.8528,366.0,WA Department of Primary Industries and Regional Development (DPIRD),DPIRD,2012-06-04,,1.25,0.5,Unidata NRL,[3],True,open,,J3090,"[{'rel': 'self', 'href': 'https://api.dpird.wa.gov.au/v2/weather/stations/HY001'}]",True,True,True,True,True,True,False,True,False,True,True,True,False,False,True,True,True,True,True,True,True,True
82,JA001,Jarrahdale,-32.33423,116.07547,228.0,WA Department of Primary Industries and Regional Development (DPIRD),DPIRD,2012-12-06,,1.25,0.5,Unidata NRL,[3],True,open,14 July 2022: rain gauge appears to be blocked. Refer to nearby Jarrahdale 2 station for rainfall.,J3185,"[{'rel': 'self', 'href': 'https://api.dpird.wa.gov.au/v2/weather/stations/JA001'}]",True,True,True,True,True,True,False,True,False,True,True,True,False,False,True,True,True,True,True,True,True,True
83,JA002,Jarrahdale 2,-32.35142,116.0495,202.0,WA Department of Primary Industries and Regional Development (DPIRD),DPIRD,2014-10-14,,1.25,0.5,Unidata NRL and 10m sonic wind,"[3, 10]",True,open,Open 14/10/2014.,J3430,"[{'rel': 'self', 'href': 'https://api.dpird.wa.gov.au/v2/weather/stations/JA002'}]",True,True,True,True,True,True,False,True,True,True,True,True,True,False,True,True,True,True,True,True,True,True
84,JP001,Jerdacuttup,-33.77361,120.45667,98.0,WA Department of Primary Industries and Regional Development (DPIRD),DPIRD,2019-10-17,,1.25,1.0,PDS YDOC CATM1,[3],True,open,WMO number 99452,P0014,"[{'rel': 'self', 'href': 'https://api.dpird.wa.gov.au/v2/weather/stations/JP001'}]",True,True,True,True,True,True,False,True,False,True,True,True,False,False,True,True,True,True,True,True,True,True
85,JE,Jerramungup,-33.7698,118.9124,304.0,WA Department of Primary Industries and Regional Development (DPIRD),DPIRD,2002-05-29,,1.25,0.5,MEA,[3],True,open,,J3310,"[{'rel': 'self', 'href': 'https://api.dpird.wa.gov.au/v2/weather/stations/JE'}]",True,True,True,True,True,True,False,True,True,True,True,True,False,False,True,True,True,True,True,True,True,True
86,JE002,Jerramungup Town,-33.944644,118.913419,318.0,Water Corporation (WaterCorp),WC,2019-11-04,,1.25,1.0,PDS YDOC 3G/4G,[3],True,open,The wind readings are currently not accurate due to close proximity to buildings and trees.,W0002,"[{'rel': 'self', 'href': 'https://api.dpird.wa.gov.au/v2/weather/stations/JE002'}]",True,True,True,True,True,True,False,True,False,True,True,True,False,False,True,True,True,True,True,True,True,True
87,TU002,Jingalup,-34.09556,117.028213,255.0,WA Department of Primary Industries and Regional Development (DPIRD),DPIRD,2019-10-11,,1.25,1.0,PDS YDOC CATM1,[3],True,open,WMO number 99448,P0010,"[{'rel': 'self', 'href': 'https://api.dpird.wa.gov.au/v2/weather/stations/TU002'}]",True,True,True,True,True,True,False,True,False,True,True,True,False,False,True,True,True,True,True,True,True,True
88,JB001,Jurien Bay,-30.29605,115.2213,86.0,WA Department of Primary Industries and Regional Development (DPIRD),DPIRD,2012-06-14,,1.25,0.5,Unidata NRL,[3],True,open,,J3120,"[{'rel': 'self', 'href': 'https://api.dpird.wa.gov.au/v2/weather/stations/JB001'}]",True,True,True,True,True,True,False,True,False,True,True,True,False,False,True,True,True,True,True,True,True,True
89,KL,Kalannie,-30.343053,117.117319,305.0,WA Department of Primary Industries and Regional Development (DPIRD),DPIRD,2008-11-13,,1.25,0.5,Unidata NRL,[3],True,open,,J3312,"[{'rel': 'self', 'href': 'https://api.dpird.wa.gov.au/v2/weather/stations/KL'}]",True,True,True,True,True,True,False,True,True,True,True,True,False,False,True,True,True,True,True,True,True,True
90,KARI,Karijini,-22.493556,118.47145,695.0,"WA Department of Biodiversity, Conservation and Attractions (DBCA)",DBCA,2014-02-12,,1.25,0.5,Televent,[10],False,open,"Maintained by Department of Biodiversity, Conservation and Attractions.",,"[{'rel': 'self', 'href': 'https://api.dpird.wa.gov.au/v2/weather/stations/KARI'}]",True,True,True,True,False,True,True,True,False,False,True,False,True,False,True,True,True,True,True,True,True,True
91,KR001,Karridale,-34.227964,115.143141,53.0,WA Department of Primary Industries and Regional Development (DPIRD),DPIRD,2012-12-13,,1.25,0.5,Unidata NRL,[3],True,open,,J3196,"[{'rel': 'self', 'href': 'https://api.dpird.wa.gov.au/v2/weather/stations/KR001'}]",True,True,True,True,True,True,False,True,True,True,True,True,False,False,True,True,True,True,True,True,True,True
92,KA,Katanning,-33.683085,117.611931,317.0,WA Department of Primary Industries and Regional Development (DPIRD),DPIRD,2004-05-20,,1.25,0.5,MEA,[3],True,open,,J3250,"[{'rel': 'self', 'href': 'https://api.dpird.wa.gov.au/v2/weather/stations/KA'}]",True,True,True,True,True,True,False,True,True,True,True,True,False,False,True,True,True,True,True,True,True,True
93,KA002,Katanning GRDC,-33.8125,117.5785,344.0,WA Department of Primary Industries and Regional Development (DPIRD),DPIRD,2016-06-28,,1.25,0.5,MEA profile tower with UNIDATA Prologger,"[3, 10]",True,open,,J3387,"[{'rel': 'self', 'href': 'https://api.dpird.wa.gov.au/v2/weather/stations/KA002'}]",True,True,True,True,True,True,False,True,True,True,True,True,True,False,True,True,True,True,True,True,True,True
94,KA003,Katanning NG In,-33.683424,117.582187,325.0,WA Department of Primary Industries and Regional Development (DPIRD),DPIRD,2016-04-08,,1.25,0.5,MEA Mk4,[3],True,open,Located at the New Genes site inside the netting enclosure. Weather measurements may be different from the station located outside the enclosure.,J3463,"[{'rel': 'self', 'href': 'https://api.dpird.wa.gov.au/v2/weather/stations/KA003'}]",True,True,True,True,True,True,False,True,True,True,True,True,False,False,True,True,True,True,True,True,True,True
95,KA004,Katanning NG Out,-33.683383,117.582009,325.0,WA Department of Primary Industries and Regional Development (DPIRD),DPIRD,2016-04-08,,1.25,0.5,MEA Mk4,[3],True,open,Located at the New Genes site outside of the netting enclosure. Weather measurements may be different from the station inside the enclosure.,J3462,"[{'rel': 'self', 'href': 'https://api.dpird.wa.gov.au/v2/weather/stations/KA004'}]",True,True,True,True,True,True,False,True,True,True,True,True,False,False,True,True,True,True,True,True,True,True
96,KE001,Kellerberrin,-31.6179,117.7203,257.0,WA Department of Primary Industries and Regional Development (DPIRD),DPIRD,2012-06-05,,1.25,0.5,Unidata NRL,[3],True,open,,J3091,"[{'rel': 'self', 'href': 'https://api.dpird.wa.gov.au/v2/weather/stations/KE001'}]",True,True,True,True,True,True,False,True,False,True,True,True,False,False,True,True,True,True,True,True,True,True
97,KE002,Kellerberrin North,-31.32719,117.77972,349.0,WA Department of Primary Industries and Regional Development (DPIRD),DPIRD,2016-06-22,,1.25,0.5,Unidata NRL,[3],True,open,,J3459,"[{'rel': 'self', 'href': 'https://api.dpird.wa.gov.au/v2/weather/stations/KE002'}]",True,True,True,True,True,True,False,True,True,True,True,True,False,False,True,True,True,True,True,True,True,True
98,MB002,Kendenup West,-34.45003,117.498986,265.0,WA Department of Primary Industries and Regional Development (DPIRD),DPIRD,2016-04-22,,1.25,0.5,Unidata NRL with sonic at 3m,[3],True,open,E-demonstration site,J3753,"[{'rel': 'self', 'href': 'https://api.dpird.wa.gov.au/v2/weather/stations/MB002'}]",True,True,True,True,True,True,False,True,True,True,True,True,False,False,True,True,True,True,True,True,True,True
99,BG001,Kings Park,-31.95887,115.83821,57.0,WA Department of Primary Industries and Regional Development (DPIRD),DPIRD,2014-10-31,,1.25,0.5,Unidata NRL,[3],True,open,,N3466,"[{'rel': 'self', 'href': 'https://api.dpird.wa.gov.au/v2/weather/stations/BG001'}]",True,True,True,True,True,True,False,True,True,True,True,True,False,False,True,True,True,True,True,True,True,True
100,KO002,Kojaneerup South,-34.575486,118.260501,159.0,WA Department of Primary Industries and Regional Development (DPIRD),DPIRD,2019-10-10,,1.25,1.0,PDS YDOC CATM1,[3],True,open,WMO number 99445,P0007,"[{'rel': 'self', 'href': 'https://api.dpird.wa.gov.au/v2/weather/stations/KO002'}]",True,True,True,True,True,True,False,True,False,True,True,True,False,False,True,True,True,True,True,True,True,True
101,KD001,Kondinin,-32.46288,118.2694,291.0,WA Department of Primary Industries and Regional Development (DPIRD),DPIRD,2012-06-04,,1.25,0.5,Unidata NRL,[3],True,open,,J3097,"[{'rel': 'self', 'href': 'https://api.dpird.wa.gov.au/v2/weather/stations/KD001'}]",True,True,True,True,True,True,False,True,False,True,True,True,False,False,True,True,True,True,True,True,True,True
102,KO001,Koorda,-30.828382,117.501453,366.0,WA Department of Primary Industries and Regional Development (DPIRD),DPIRD,2012-05-29,,1.25,0.5,Unidata NRL,[3],True,open,,J3107,"[{'rel': 'self', 'href': 'https://api.dpird.wa.gov.au/v2/weather/stations/KO001'}]",True,True,True,True,True,True,False,True,False,True,True,True,False,False,True,True,True,True,True,True,True,True
103,KI001,Kulin,-32.790382,118.301848,323.0,WA Department of Primary Industries and Regional Development (DPIRD),DPIRD,2014-11-12,,1.25,0.5,Unidata NRL,[3],True,open,Original Rotroninc T/RH probe replaced with Vaisala HMP 110 from 27 July 2017.,J3432,"[{'rel': 'self', 'href': 'https://api.dpird.wa.gov.au/v2/weather/stations/KI001'}]",True,True,True,True,True,True,False,True,True,True,True,True,False,False,True,True,True,True,True,True,True,True
104,SG002,Kumarl,-32.728013,121.552688,264.0,WA Department of Primary Industries and Regional Development (DPIRD),DPIRD,2019-10-15,,1.25,1.0,PDS YDOC CATM1,[3],True,open,"WMO number 99453. 
24 Nov 2021: We are currently working to resolve technical issues at this site and expect to have it online by the end of the week.",P0015,"[{'rel': 'self', 'href': 'https://api.dpird.wa.gov.au/v2/weather/stations/SG002'}]",True,True,True,True,True,True,False,True,False,True,True,True,False,False,True,True,True,True,True,True,True,True
105,KN,Kununurra,-15.65758333,128.7152778,32.0,WA Department of Primary Industries and Regional Development (DPIRD),DPIRD,2005-10-12,,1.25,0.5,Unidata NRL and sonic @ 3m,[3],True,open,,J3305,"[{'rel': 'self', 'href': 'https://api.dpird.wa.gov.au/v2/weather/stations/KN'}]",True,True,True,True,True,True,False,True,True,True,True,True,False,False,True,True,True,True,True,True,True,True
106,KW001,Kweda,-32.3153,117.41553,293.0,WA Department of Primary Industries and Regional Development (DPIRD),DPIRD,2014-11-13,,1.25,0.5,Unidata NRL,[3],True,open,,J3428,"[{'rel': 'self', 'href': 'https://api.dpird.wa.gov.au/v2/weather/stations/KW001'}]",True,True,True,True,True,True,False,True,True,True,True,True,False,False,True,True,True,True,True,True,True,True
107,LK,Lake King,-33.024003,119.812713,334.0,WA Department of Primary Industries and Regional Development (DPIRD),DPIRD,2008-12-03,,1.25,0.5,Unidata NRL,[3],True,open,17/02/2023: Location changed a little (but located on the same property). Elevation above sea level is now about 1m higher that previously.,J3301,"[{'rel': 'self', 'href': 'https://api.dpird.wa.gov.au/v2/weather/stations/LK'}]",True,True,True,True,True,True,False,True,True,True,True,True,False,False,True,True,True,True,True,True,True,True
108,LE,Lancelin East,-30.8862,115.40775,98.0,WA Department of Primary Industries and Regional Development (DPIRD),DPIRD,2005-03-16,,1.25,0.5,Unidata NRL and SONIC @10m,"[3, 10]",True,open,,J3325,"[{'rel': 'self', 'href': 'https://api.dpird.wa.gov.au/v2/weather/stations/LE'}]",True,True,True,True,True,True,False,True,True,True,True,True,True,False,True,True,True,True,True,True,True,True
109,LA001,Latham,-29.7974,116.5539,305.0,WA Department of Primary Industries and Regional Development (DPIRD),DPIRD,2012-06-22,,1.25,0.5,Unidata NRL,[3],True,open,,J3103,"[{'rel': 'self', 'href': 'https://api.dpird.wa.gov.au/v2/weather/stations/LA001'}]",True,True,True,True,True,True,False,True,False,True,True,True,False,False,True,True,True,True,True,True,True,True
110,LG,Logue Brook,-32.99347,115.93958,201.0,Harvey Water,HW,2015-05-20,,1.25,0.5,Datataker 80,[3],True,open,Owned by Harvey Water. Installed 17 May 2015,,"[{'rel': 'self', 'href': 'https://api.dpird.wa.gov.au/v2/weather/stations/LG'}]",True,True,True,True,True,True,False,True,True,True,True,True,False,False,True,True,True,True,True,True,True,True
111,DN001,Lort River,-33.504677,121.388708,178.0,WA Department of Primary Industries and Regional Development (DPIRD),DPIRD,2019-10-16,,1.25,1.0,PDS YDOC CATM1,[3],True,open,WMO number 99450,P0012,"[{'rel': 'self', 'href': 'https://api.dpird.wa.gov.au/v2/weather/stations/DN001'}]",True,True,True,True,True,True,False,True,False,True,True,True,False,False,True,True,True,True,True,True,True,True
112,MG001,Magenta,-33.27912,119.16365,334.0,WA Department of Primary Industries and Regional Development (DPIRD),DPIRD,2012-07-16,,1.25,0.5,Unidata NRL,[3],True,open,,J3093,"[{'rel': 'self', 'href': 'https://api.dpird.wa.gov.au/v2/weather/stations/MG001'}]",True,True,True,True,True,True,False,True,False,True,True,True,False,False,True,True,True,True,True,True,True,True
113,MA002,Manjimup HRS,-34.299334,116.127309,280.0,WA Department of Primary Industries and Regional Development (DPIRD),DPIRD,2012-12-20,,1.25,0.5,Unidata NRL,[3],True,open,,J3205,"[{'rel': 'self', 'href': 'https://api.dpird.wa.gov.au/v2/weather/stations/MA002'}]",True,True,True,True,True,True,False,True,True,True,True,True,False,False,True,True,True,True,True,True,True,True
114,MP,Manypeaks,-34.779833,118.217167,124.0,WA Department of Primary Industries and Regional Development (DPIRD),DPIRD,2008-12-04,,1.25,0.5,MEA,[3],True,open,,J3253,"[{'rel': 'self', 'href': 'https://api.dpird.wa.gov.au/v2/weather/stations/MP'}]",True,True,True,True,True,True,False,True,True,True,True,True,False,False,True,True,True,True,True,True,True,True
115,MR002,Margaret River,-33.971865,115.105013,102.0,WA Department of Primary Industries and Regional Development (DPIRD),DPIRD,2012-10-08,,1.25,0.5,Unidata NRL,[3],True,open,,J3194,"[{'rel': 'self', 'href': 'https://api.dpird.wa.gov.au/v2/weather/stations/MR002'}]",True,True,True,True,True,True,False,True,False,True,True,True,False,False,True,True,True,True,True,True,True,True
116,BW001,Marradong,-32.85485,116.44993,267.0,WA Department of Primary Industries and Regional Development (DPIRD),DPIRD,2012-12-03,,1.25,0.5,Unidata NRL,[3],True,open,Original Rotronic T/RH probe replaced with Vaisala HMP 110 from 1 Aug 2017.,J3182,"[{'rel': 'self', 'href': 'https://api.dpird.wa.gov.au/v2/weather/stations/BW001'}]",True,True,True,True,True,True,False,True,False,True,True,True,False,False,True,True,True,True,True,True,True,True
117,MS001,Mayanup South,-34.030905,116.512452,256.0,WA Department of Primary Industries and Regional Development (DPIRD),DPIRD,2012-12-05,,1.25,0.5,Unidata NRL,[3],True,open,,J3183,"[{'rel': 'self', 'href': 'https://api.dpird.wa.gov.au/v2/weather/stations/MS001'}]",True,True,True,True,True,True,False,True,False,True,True,True,False,False,True,True,True,True,True,True,True,True
118,MC001,McAlinden,-33.599765,116.26332,263.0,WA Department of Primary Industries and Regional Development (DPIRD),DPIRD,2012-12-06,,1.25,0.5,Unidata NRL,[3],True,open,,J3186,"[{'rel': 'self', 'href': 'https://api.dpird.wa.gov.au/v2/weather/stations/MC001'}]",True,True,True,True,True,True,False,True,False,True,True,True,False,False,True,True,True,True,True,True,True,True
119,MEAN,Meanarra Tower,-27.698975,114.222944,206.0,"WA Department of Biodiversity, Conservation and Attractions (DBCA)",DBCA,2018-10-23,,10.0,10.0,Vaisala WXT536,[10],False,open,"The Rainfall sensor is integrated into a multi-weather head, so the rainfall readings may be of low accuracy;
25 July 2022: Weather station logging restarted.
24 Nov 2021: The weather head has failed and it is awaiting DBCA arranging a replacement;
12 July 2021: Please note the Wind anemometer has failed. DBCA are arranging a replacement.",,"[{'rel': 'self', 'href': 'https://api.dpird.wa.gov.au/v2/weather/stations/MEAN'}]",True,True,True,True,False,True,True,True,False,False,True,False,True,False,True,True,True,True,True,True,True,True
120,MN,Meckering North,-31.397106,117.157604,325.0,WA Department of Primary Industries and Regional Development (DPIRD),DPIRD,2008-10-24,,1.25,0.5,Unidata NRL,[3],True,open,8 Dec 2022: the temperature and humidity sensor has a fault and is not being shown. Other sensors are OK. We will get to the station as soon as we can.,J3291,"[{'rel': 'self', 'href': 'https://api.dpird.wa.gov.au/v2/weather/stations/MN'}]",True,True,True,True,True,True,False,True,True,True,True,True,False,False,True,True,True,True,True,True,True,True
121,ME,Merredin,-31.493128,118.226202,334.0,WA Department of Primary Industries and Regional Development (DPIRD),DPIRD,2001-05-07,,1.25,0.5,Unidata NRL,[3],True,open,,J3201,"[{'rel': 'self', 'href': 'https://api.dpird.wa.gov.au/v2/weather/stations/ME'}]",True,True,True,True,True,True,False,True,True,True,True,True,False,False,True,True,True,True,True,True,True,True
122,ME002,Merredin NG In,-31.485436,118.220944,301.0,WA Department of Primary Industries and Regional Development (DPIRD),DPIRD,2016-04-08,,1.25,0.5,Unidata NRL,[3],True,open,"At New Genes site, inside a netting enclosure. This may mean weather measurements may be different to outside.",J3440,"[{'rel': 'self', 'href': 'https://api.dpird.wa.gov.au/v2/weather/stations/ME002'}]",True,True,True,True,True,True,False,True,True,True,True,True,False,False,True,True,True,True,True,True,True,True
123,ME003,Merredin NG Out,-31.484965,118.221424,302.0,WA Department of Primary Industries and Regional Development (DPIRD),DPIRD,2016-04-08,,1.25,0.5,Unidata NRL,[3],True,open,"At New Genes site, outside of netting enclosure. Weather measurements may be different from the New Genes station located inside the enclosure.",J3427,"[{'rel': 'self', 'href': 'https://api.dpird.wa.gov.au/v2/weather/stations/ME003'}]",True,True,True,True,True,True,False,True,True,True,True,True,False,False,True,True,True,True,True,True,True,True
124,MILL,Millstream Chichester National Park,-21.595033,117.072721,323.0,"WA Department of Biodiversity, Conservation and Attractions (DBCA)",DBCA,2017-08-16,,1.5,0.5,"YDOC, Humidity/Temp HMP110+, Wind WMS301, Solar Rad SR05-D1A3-BL, Raingauge Rimco 7499.",[3],True,open,"A new weather station was installed on 8 Sept 2021. The previous weather station (since August 2017) was a Vaisala WXT 536 multi-weather probe head (for Air-Temp, Humidity and Wind) mounted on a 10 tower. A Rimco 7499 rain gauge was installed 31 Oct 2018.
A Rimco 7499 rain gauge was installed on 31 Oct 2018, so from this date the station is now reporting rainfall using this gauge. This rain gauge is at a standard height rather than up the 10m tower (like all the other probes).",,"[{'rel': 'self', 'href': 'https://api.dpird.wa.gov.au/v2/weather/stations/MILL'}]",True,True,True,True,True,True,True,True,False,True,True,True,False,False,True,True,True,True,True,True,True,True
125,MX001,Milyeannup,-34.250121,115.447536,30.0,WA Department of Primary Industries and Regional Development (DPIRD),DPIRD,2012-12-12,,1.25,0.5,Unidata NRL,[3],True,open,,J3199,"[{'rel': 'self', 'href': 'https://api.dpird.wa.gov.au/v2/weather/stations/MX001'}]",True,True,True,True,True,True,False,True,False,True,True,True,False,False,True,True,True,True,True,True,True,True
126,MI,Mingenew,-29.28453,115.391097,297.0,WA Department of Primary Industries and Regional Development (DPIRD),DPIRD,2008-11-18,,1.25,0.5,Unidata NRL,[3],True,open,Station rain gauge is out of service since 19 Sept 2022.,J3316,"[{'rel': 'self', 'href': 'https://api.dpird.wa.gov.au/v2/weather/stations/MI'}]",True,True,True,True,True,True,False,True,True,True,True,True,False,False,True,True,True,True,True,True,True,True
127,MI002,Mingenew NW,-29.157472,115.383428,173.0,WA Department of Primary Industries and Regional Development (DPIRD),DPIRD,2016-03-25,,1.25,0.5,Unidata NRL with sonic at 3m,[3],True,open,E-demonstration site,J3749,"[{'rel': 'self', 'href': 'https://api.dpird.wa.gov.au/v2/weather/stations/MI002'}]",True,True,True,True,True,True,False,True,True,True,True,True,False,False,True,True,True,True,True,True,True,True
128,MIPL,Mitchell Plateau,-14.788286,125.829899,324.0,"WA Department of Biodiversity, Conservation and Attractions (DBCA)",DBCA,2014-02-12,,1.25,0.5,Telvent,[10],False,open,"Maintained by Department of Biodiversity, Conservation and Attractions.",,"[{'rel': 'self', 'href': 'https://api.dpird.wa.gov.au/v2/weather/stations/MIPL'}]",True,False,True,True,False,True,True,True,False,False,True,False,True,False,False,False,False,False,False,False,False,False
129,MZ,Moora,-30.659595,116.00015,231.0,WA Department of Primary Industries and Regional Development (DPIRD),DPIRD,2005-08-10,,1.25,0.5,Unidata NRL and SONIC @10m,"[3, 10]",True,open,,J3322,"[{'rel': 'self', 'href': 'https://api.dpird.wa.gov.au/v2/weather/stations/MZ'}]",True,True,True,True,True,True,False,True,True,True,True,True,True,False,True,True,True,True,True,True,True,True
130,MZ002,Moora NW,-30.612997,115.897434,240.0,WA Department of Primary Industries and Regional Development (DPIRD),DPIRD,2016-03-25,,1.25,0.5,Unidata NRL with sonic at 3m,[3],True,open,E-demonstration site,J3751,"[{'rel': 'self', 'href': 'https://api.dpird.wa.gov.au/v2/weather/stations/MZ002'}]",True,True,True,True,True,True,False,True,True,True,True,True,False,False,True,True,True,True,True,True,True,True
131,ME005,Moorine Rock,-31.4139944,119.0341806,382.0,WA Department of Primary Industries and Regional Development (DPIRD),DPIRD,2016-04-19,,1.25,0.5,Unidata NRL with sonic at 3m,[3],True,open,E-demonstration site,J3758,"[{'rel': 'self', 'href': 'https://api.dpird.wa.gov.au/v2/weather/stations/ME005'}]",True,True,True,True,True,True,False,True,True,True,True,True,False,False,True,True,True,True,True,True,True,True
132,MO,Morawa,-29.220353,115.997377,301.0,WA Department of Primary Industries and Regional Development (DPIRD),DPIRD,2008-06-25,,1.25,0.5,Unidata NRL,[3],True,open,,J3314,"[{'rel': 'self', 'href': 'https://api.dpird.wa.gov.au/v2/weather/stations/MO'}]",True,True,True,True,True,True,False,True,True,True,True,True,False,False,True,True,True,True,True,True,True,True
133,MB,Mount Barker,-34.634208,117.539373,236.0,WA Department of Primary Industries and Regional Development (DPIRD),DPIRD,2001-09-26,,1.25,0.5,Unidata NRL and SONIC @10m,"[3, 10]",True,open,,J3320,"[{'rel': 'self', 'href': 'https://api.dpird.wa.gov.au/v2/weather/stations/MB'}]",True,True,True,True,True,True,False,True,True,True,True,True,True,False,True,True,True,True,True,True,True,True
134,MB003,Mount Barker South,-34.677523,117.67278,209.0,WA Department of Primary Industries and Regional Development (DPIRD),DPIRD,2022-11-29,,1.25,0.5,Unidata NRL with SONIC @3m,[3],True,open,,J3178,"[{'rel': 'self', 'href': 'https://api.dpird.wa.gov.au/v2/weather/stations/MB003'}]",True,True,True,True,True,True,False,True,True,True,True,True,False,False,True,True,True,True,True,True,True,True
135,BU,Mount Buraminya,-33.30968,123.07455,146.0,WA Department of Primary Industries and Regional Development (DPIRD),DPIRD,2011-10-12,,1.25,0.5,Unidata NRL and SONIC @10m,"[3, 10]",True,open,Full station data begins Oct 2011.,J3324,"[{'rel': 'self', 'href': 'https://api.dpird.wa.gov.au/v2/weather/stations/BU'}]",True,True,True,True,True,True,False,True,True,True,True,True,True,False,True,True,True,True,True,True,True,True
136,BD,Mount Burdett,-33.410914,122.159201,183.0,WA Department of Primary Industries and Regional Development (DPIRD),DPIRD,2008-12-12,,1.25,0.5,Unidata NRL,[3],True,open,,J3296,"[{'rel': 'self', 'href': 'https://api.dpird.wa.gov.au/v2/weather/stations/BD'}]",True,True,True,True,True,True,False,True,True,True,True,True,False,False,True,True,True,True,True,True,True,True
137,BURN,Mount Burnside,-34.621083,116.4793,329.0,"WA Department of Biodiversity, Conservation and Attractions (DBCA)",DBCA,2016-12-21,,25.0,25.0,Vaisala multi-weather probe head mounted on a tower,[25],False,open,"Maintained by Department of Biodiversity, Conservation and Attractions. Note: Rainfall recordings prior to 6 Oct 2017 12:00pm are incorrect.",,"[{'rel': 'self', 'href': 'https://api.dpird.wa.gov.au/v2/weather/stations/BURN'}]",True,True,True,True,False,True,True,True,False,False,True,False,False,True,True,True,True,True,True,True,True,True
138,DALE,Mount Dale,-32.126141,116.299525,535.0,"WA Department of Biodiversity, Conservation and Attractions (DBCA)",DBCA,2016-12-21,,24.0,24.0,Vaisala multi-weather probe head mounted on a tower,[24],False,open,"Maintained by Department of Biodiversity, Conservation and Attractions. Note: Rainfall recordings prior to 23 Sept 2017 are incorrect.
Planned to be back online by end of the week, ending 15 March 2019.",,"[{'rel': 'self', 'href': 'https://api.dpird.wa.gov.au/v2/weather/stations/DALE'}]",True,True,True,True,False,True,True,True,False,False,True,False,False,True,True,True,True,True,True,True,True,True
139,HO,Mount Howick,-33.6615,122.709,119.0,WA Department of Primary Industries and Regional Development (DPIRD),DPIRD,2008-12-12,,1.25,0.5,Unidata NRL and SONIC @10m,"[3, 10]",True,open,,J3323,"[{'rel': 'self', 'href': 'https://api.dpird.wa.gov.au/v2/weather/stations/HO'}]",True,True,True,True,True,True,False,True,True,True,True,True,True,False,True,True,True,True,True,True,True,True
140,MD001,Mount Madden East,-33.183297,120.08432,333.0,WA Department of Primary Industries and Regional Development (DPIRD),DPIRD,2015-12-01,,1.25,0.5,MEA Mk5,[3],True,open,,J3455,"[{'rel': 'self', 'href': 'https://api.dpird.wa.gov.au/v2/weather/stations/MD001'}]",True,True,True,True,True,True,False,True,True,True,True,True,False,False,True,True,True,True,True,True,True,True
141,BD002,Mount Ney,-33.45305,122.45472,176.0,WA Department of Primary Industries and Regional Development (DPIRD),DPIRD,2020-06-02,,1.25,1.0,PDS YDOC CATM1,[3],True,open,,P0019,"[{'rel': 'self', 'href': 'https://api.dpird.wa.gov.au/v2/weather/stations/BD002'}]",True,True,True,True,True,True,False,True,False,True,True,True,False,False,True,True,True,True,True,True,True,True
142,SOLS,Mount Solus,-32.47,116.214333,570.0,"WA Department of Biodiversity, Conservation and Attractions (DBCA)",DBCA,2016-12-21,,20.0,20.0,Vaisala multi-weather probe head mounted on a tower,[20],True,open,"Maintained by Department of Biodiversity, Conservation and Attractions. Note: Rainfall recordings prior to 19 Sept 2017 are incorrect.",,"[{'rel': 'self', 'href': 'https://api.dpird.wa.gov.au/v2/weather/stations/SOLS'}]",True,True,True,True,False,True,True,True,False,False,True,False,False,True,True,True,True,True,True,True,True,True
143,NB002,Mount Walker,-32.055417,118.81817,348.0,WA Department of Primary Industries and Regional Development (DPIRD),DPIRD,2016-06-22,,1.25,0.5,Unidata NRL,[3],True,open,,J3452,"[{'rel': 'self', 'href': 'https://api.dpird.wa.gov.au/v2/weather/stations/NB002'}]",True,True,True,True,True,True,False,True,True,True,True,True,False,False,True,True,True,True,True,True,True,True
144,MU001,Mukinbudin,-30.9187,118.2506,296.0,WA Department of Primary Industries and Regional Development (DPIRD),DPIRD,2012-06-28,,1.25,0.5,Unidata NRL,[3],True,open,,J3106,"[{'rel': 'self', 'href': 'https://api.dpird.wa.gov.au/v2/weather/stations/MU001'}]",True,True,True,True,True,True,False,True,False,True,True,True,False,False,True,True,True,True,True,True,True,True
145,MU,Mullewa,-28.588141,115.446142,240.0,WA Department of Primary Industries and Regional Development (DPIRD),DPIRD,2008-08-13,,1.25,0.5,Unidata NRL,[3],True,open,Data Note 25 May 2018: the raingauge appears to be reading high. Shows 37mm when nearby rain is 15mm. Update 30 May: gauge has been serviced and is reading accurately.,J3303,"[{'rel': 'self', 'href': 'https://api.dpird.wa.gov.au/v2/weather/stations/MU'}]",True,True,True,True,True,True,False,True,True,True,True,True,False,False,True,True,True,True,True,True,True,True
146,MP002,Munglinup,-33.78222,120.813056,45.0,WA Department of Primary Industries and Regional Development (DPIRD),DPIRD,2019-10-17,,1.25,1.0,PDS YDOC CATM1,[3],True,open,WMO number 99454,P0016,"[{'rel': 'self', 'href': 'https://api.dpird.wa.gov.au/v2/weather/stations/MP002'}]",True,True,True,True,True,True,False,True,False,True,True,True,False,False,True,True,True,True,True,True,True,True
147,SB002,Muntadgin East,-31.735761,118.85894,439.0,WA Department of Primary Industries and Regional Development (DPIRD),DPIRD,2017-08-23,,1.25,0.5,"Unidata NRL, Vaisala T/RH and wind probe",[3],True,open,,J3434,"[{'rel': 'self', 'href': 'https://api.dpird.wa.gov.au/v2/weather/stations/SB002'}]",True,True,True,True,True,True,False,True,True,True,True,True,False,False,True,True,True,True,True,True,True,True
148,MK,Muresk,-31.72772,116.69127,251.0,WA Department of Primary Industries and Regional Development (DPIRD),DPIRD,2008-10-20,,1.25,0.5,Unidata NRL,[3],True,open,"Converted to MEA type 28 Apr 2015 and site move. J3438
Converted to Unidata NRL 26 Aug 2023",Y3438,"[{'rel': 'self', 'href': 'https://api.dpird.wa.gov.au/v2/weather/stations/MK'}]",True,True,True,True,True,True,False,True,True,True,True,True,False,False,True,True,True,True,True,True,True,True
149,MY,Myalup,-33.091703,115.717528,6.0,WA Department of Primary Industries and Regional Development (DPIRD),DPIRD,2007-03-14,,1.25,0.5,Unidata NRL,[3],True,open,,N3252,"[{'rel': 'self', 'href': 'https://api.dpird.wa.gov.au/v2/weather/stations/MY'}]",True,True,True,True,True,True,False,True,True,True,True,True,False,False,True,True,True,True,True,True,True,True
150,NU001,Nannup,-33.937097,115.794999,105.0,WA Department of Primary Industries and Regional Development (DPIRD),DPIRD,2012-12-12,,1.25,0.5,Unidata NRL,[3],True,open,,J3195,"[{'rel': 'self', 'href': 'https://api.dpird.wa.gov.au/v2/weather/stations/NU001'}]",True,True,True,True,True,True,False,True,False,True,True,True,False,False,True,True,True,True,True,True,True,True
151,NU002,Nannup 2 (Carlotta),-34.0933,115.78282,186.0,WA Department of Primary Industries and Regional Development (DPIRD),DPIRD,2014-10-22,,1.25,0.5,Unidata NRL,[3],True,open,,J3458,"[{'rel': 'self', 'href': 'https://api.dpird.wa.gov.au/v2/weather/stations/NU002'}]",True,True,True,True,True,True,False,True,True,True,True,True,False,False,True,True,True,True,True,True,True,True
152,NB001,Narembeen,-32.10805,118.40635,299.0,WA Department of Primary Industries and Regional Development (DPIRD),DPIRD,2012-03-29,,1.25,0.5,Unidata NRL,[3],True,open,The wind direction was incorrect from 6 April to 24 May 2018.,J3089,"[{'rel': 'self', 'href': 'https://api.dpird.wa.gov.au/v2/weather/stations/NB001'}]",True,True,True,True,True,True,False,True,False,True,True,True,False,False,True,True,True,True,True,True,True,True
153,NA003,Narrikup,-34.759399,117.893904,124.0,WA Department of Primary Industries and Regional Development (DPIRD),DPIRD,2019-10-10,,1.25,1.0,PDS YDOC CATM1,[3],True,open,WMO number 99447,P0009,"[{'rel': 'self', 'href': 'https://api.dpird.wa.gov.au/v2/weather/stations/NA003'}]",True,True,True,True,True,True,False,True,False,True,True,True,False,False,True,True,True,True,True,True,True,True
154,NA001,Narrogin,-32.92622,117.07455,336.0,WA Department of Primary Industries and Regional Development (DPIRD),DPIRD,2012-07-03,,1.25,0.5,Unidata NRL,[3],True,open,,J3114,"[{'rel': 'self', 'href': 'https://api.dpird.wa.gov.au/v2/weather/stations/NA001'}]",True,True,True,True,True,True,False,True,False,True,True,True,False,False,True,True,True,True,True,True,True,True
155,NN001,New Norcia,-31.105392,116.189869,301.0,WA Department of Primary Industries and Regional Development (DPIRD),DPIRD,2012-06-13,,1.25,0.5,Unidata NRL,[3],True,open,,N3164,"[{'rel': 'self', 'href': 'https://api.dpird.wa.gov.au/v2/weather/stations/NN001'}]",True,True,True,True,True,True,False,True,False,True,True,True,False,False,True,True,True,True,True,True,True,True
156,NE,Newdegate,-33.112956,118.839964,325.0,WA Department of Primary Industries and Regional Development (DPIRD),DPIRD,2001-06-11,,1.25,0.5,Unidata NRL,[3],True,open,,J3302,"[{'rel': 'self', 'href': 'https://api.dpird.wa.gov.au/v2/weather/stations/NE'}]",True,True,True,True,True,True,False,True,True,True,True,True,False,False,True,True,True,True,True,True,True,True
157,KP001,Newlands,-33.65428333,115.8671167,205.0,WA Department of Primary Industries and Regional Development (DPIRD),DPIRD,2012-12-20,,1.25,0.5,Unidata NRL,[3],True,open,,J3204,"[{'rel': 'self', 'href': 'https://api.dpird.wa.gov.au/v2/weather/stations/KP001'}]",True,True,True,True,True,True,False,True,False,True,True,True,False,False,True,True,True,True,True,True,True,True
158,NO,Northam,-31.651611,116.694194,163.0,WA Department of Primary Industries and Regional Development (DPIRD),DPIRD,2005-05-18,,1.25,0.5,Unidata NRL,[3],True,open,"Converted to MEA type in 2013.
Converted to Unidata NRL 26 Aug 2023",Y3293,"[{'rel': 'self', 'href': 'https://api.dpird.wa.gov.au/v2/weather/stations/NO'}]",True,True,True,True,True,True,False,True,True,True,True,True,False,False,True,True,True,True,True,True,True,True
159,NW001,Northampton West,-28.300442,114.508197,170.0,WA Department of Primary Industries and Regional Development (DPIRD),DPIRD,2019-10-02,,1.25,1.0,PDS YDOC CATM1,[3],True,open,"24 June 2021: We are aware of the current outage at this station, repairs are planned for 2-3 July.
WMO number 99440",P0002,"[{'rel': 'self', 'href': 'https://api.dpird.wa.gov.au/v2/weather/stations/NW001'}]",True,True,True,True,True,True,False,True,False,True,True,True,False,False,True,True,True,True,True,True,True,True
160,NL001,Northcliffe,-34.653996,116.144368,92.0,WA Department of Primary Industries and Regional Development (DPIRD),DPIRD,2012-12-11,,1.25,0.5,Unidata NRL,[3],True,open,,J3191,"[{'rel': 'self', 'href': 'https://api.dpird.wa.gov.au/v2/weather/stations/NL001'}]",True,True,True,True,True,True,False,True,False,True,True,True,False,False,True,True,True,True,True,True,True,True
161,NY001,Nyabing,-33.43895,118.2807,317.0,WA Department of Primary Industries and Regional Development (DPIRD),DPIRD,2012-07-04,,1.25,0.5,MEA,[3],True,open,,J3115,"[{'rel': 'self', 'href': 'https://api.dpird.wa.gov.au/v2/weather/stations/NY001'}]",True,True,True,True,True,True,False,True,False,True,True,True,False,False,True,True,True,True,True,True,True,True
162,NY002,Nyabing GRDC,-33.60975,118.1175,346.0,WA Department of Primary Industries and Regional Development (DPIRD),DPIRD,2016-06-28,,1.25,0.5,MEA profile tower with UNIDATA Prologger,"[3, 10]",True,open,Originally for GRDC project.,J3384,"[{'rel': 'self', 'href': 'https://api.dpird.wa.gov.au/v2/weather/stations/NY002'}]",True,True,True,True,True,True,False,True,True,True,True,True,True,False,True,True,True,True,True,True,True,True
163,ON002,Ongerup GRDC,-33.89915,118.46782,305.0,WA Department of Primary Industries and Regional Development (DPIRD),DPIRD,2016-06-28,,1.25,0.5,MEA profile tower with UNIDATA Prologger,"[3, 10]",True,open,Originally for GRDC project.,J3388,"[{'rel': 'self', 'href': 'https://api.dpird.wa.gov.au/v2/weather/stations/ON002'}]",True,True,True,True,True,True,False,True,True,True,True,True,True,False,True,True,True,True,True,True,True,True
164,ON001,Ongerup North,-33.816167,118.484433,296.0,WA Department of Primary Industries and Regional Development (DPIRD),DPIRD,2012-11-30,,1.25,0.5,MEA,[3],True,open,,J3188,"[{'rel': 'self', 'href': 'https://api.dpird.wa.gov.au/v2/weather/stations/ON001'}]",True,True,True,True,True,True,False,True,False,True,True,True,False,False,True,True,True,True,True,True,True,True
165,PD,Pardoo,-19.98714,119.95279,12.0,Pardoo Beef Corporation (PBC),PBC,2017-10-02,,1.25,0.5,"Unidata NRL, Vaisala T/RH probe, Hukseflux solar probe, Rimco raingauge and Gill Windsonic at 3m height.",[3],True,open,"27 Apr 2023: Station is back online in ""caretaker mode"" (ie data quality to be checked).
14 Apr 2023: Station damaged by TC Isla.
18 Oct 2023: Converted to Unidata NRL, testing communication on 4G.",,"[{'rel': 'self', 'href': 'https://api.dpird.wa.gov.au/v2/weather/stations/PD'}]",True,True,True,True,True,True,True,True,True,True,True,True,False,False,True,True,True,True,True,True,True,True
166,PM,Pemberton,-34.405166,115.932851,158.0,WA Department of Primary Industries and Regional Development (DPIRD),DPIRD,2007-02-15,,1.25,0.5,MEA and SONIC @10m,"[3, 10]",True,open,"10m wind probe added in 2017, with antenna also installed up the tower.",J3202,"[{'rel': 'self', 'href': 'https://api.dpird.wa.gov.au/v2/weather/stations/PM'}]",True,True,True,True,True,True,False,True,True,True,True,True,True,False,True,True,True,True,True,True,True,True
167,PJ001,Perenjori,-29.42313,116.28129,293.0,WA Department of Primary Industries and Regional Development (DPIRD),DPIRD,2012-06-22,,1.25,0.5,Unidata NRL,[3],True,open,,J3100,"[{'rel': 'self', 'href': 'https://api.dpird.wa.gov.au/v2/weather/stations/PJ001'}]",True,True,True,True,True,True,False,True,False,True,True,True,False,False,True,True,True,True,True,True,True,True
168,MU002,Pindar South,-28.537305,115.781629,342.0,WA Department of Primary Industries and Regional Development (DPIRD),DPIRD,2019-10-03,,1.25,1.0,PDS YDOC CATM1,[3],True,open,WMO number 99442,P0004,"[{'rel': 'self', 'href': 'https://api.dpird.wa.gov.au/v2/weather/stations/MU002'}]",True,True,True,True,True,True,False,True,False,True,True,True,False,False,True,True,True,True,True,True,True,True
169,PN001,Pingaring,-32.7340833,118.627139,300.0,WA Department of Primary Industries and Regional Development (DPIRD),DPIRD,2016-06-22,,1.25,0.5,Unidata NRL,[3],True,open,,J3450,"[{'rel': 'self', 'href': 'https://api.dpird.wa.gov.au/v2/weather/stations/PN001'}]",True,True,True,True,True,True,False,True,True,True,True,True,False,False,True,True,True,True,True,True,True,True
170,PY001,Pingelly West,-32.5064167,116.9779167,303.0,WA Department of Primary Industries and Regional Development (DPIRD),DPIRD,2016-04-19,,1.25,0.5,Unidata NRL  with sonic at 3m,[3],True,open,E-demonstration site,J3757,"[{'rel': 'self', 'href': 'https://api.dpird.wa.gov.au/v2/weather/stations/PY001'}]",True,True,True,True,True,True,False,True,True,True,True,True,False,False,True,True,True,True,True,True,True,True
171,PG001,Pingrup East,-33.476847,118.719161,318.0,WA Department of Primary Industries and Regional Development (DPIRD),DPIRD,2016-06-22,,1.25,0.5,MEA Mk5,[3],True,open,,J3449,"[{'rel': 'self', 'href': 'https://api.dpird.wa.gov.au/v2/weather/stations/PG001'}]",True,True,True,True,True,True,False,True,True,True,True,True,False,False,True,True,True,True,True,True,True,True
172,PINJ,Pinjar Tower,-31.658787,115.776057,110.0,"WA Department of Biodiversity, Conservation and Attractions (DBCA)",DBCA,2018-03-16,,25.0,25.0,,[25],True,open,"This is a Vaisala WXT536 multi-weather probe head mounted on a DBCA fire tower.
The station sensors are 25m above ground level. All probes measure at this height. Station altitude at ground level is 110m above mean sea level. Maintained by Department of Biodiversity, Conservation and Attractions. Note: Rainfall recordings have low accuracy.",,"[{'rel': 'self', 'href': 'https://api.dpird.wa.gov.au/v2/weather/stations/PINJ'}]",True,True,True,True,False,True,True,True,False,False,True,True,False,False,True,True,True,True,True,True,True,True
173,PI001,Pinjarra,-32.695554,115.916265,27.0,WA Department of Primary Industries and Regional Development (DPIRD),DPIRD,2012-12-10,,1.25,0.5,Unidata NRL,[3],True,open,,N3190,"[{'rel': 'self', 'href': 'https://api.dpird.wa.gov.au/v2/weather/stations/PI001'}]",True,True,True,True,True,True,False,True,False,True,True,True,False,False,True,True,True,True,True,True,True,True
174,PO001,Popanyinning,-32.65273683,117.088849,323.0,WA Department of Primary Industries and Regional Development (DPIRD),DPIRD,2012-07-02,,1.25,0.5,Unidata NRL,[3],True,open,Converted to Unidata NRL 26 Aug 2023,Y3104,"[{'rel': 'self', 'href': 'https://api.dpird.wa.gov.au/v2/weather/stations/PO001'}]",True,True,True,True,True,True,False,True,False,True,True,True,False,False,True,True,True,True,True,True,True,True
175,QD001,Quairading,-32.0062,117.4165,246.0,WA Department of Primary Industries and Regional Development (DPIRD),DPIRD,2014-11-13,,1.25,0.5,Unidata NRL,[3],True,open,,J3429,"[{'rel': 'self', 'href': 'https://api.dpird.wa.gov.au/v2/weather/stations/QD001'}]",True,True,True,True,True,True,False,True,True,True,True,True,False,False,True,True,True,True,True,True,True,True
176,QA001,Qualeup,-33.8821,116.84215,304.0,WA Department of Primary Industries and Regional Development (DPIRD),DPIRD,2012-07-10,,1.25,0.5,Unidata NRL,[3],True,open,,J3127,"[{'rel': 'self', 'href': 'https://api.dpird.wa.gov.au/v2/weather/stations/QA001'}]",True,True,True,True,True,True,False,True,False,True,True,True,False,False,True,True,True,True,True,True,True,True
177,DM002,Quickup Dam,-34.905084,117.377723,52.0,Water Corporation (WaterCorp),WC,2019-11-04,,1.25,1.0,PDS YDOC 3G/4G,[3],True,open,,W0001,"[{'rel': 'self', 'href': 'https://api.dpird.wa.gov.au/v2/weather/stations/DM002'}]",True,True,True,True,True,True,False,True,False,True,True,True,False,False,True,True,True,True,True,True,True,True
178,QP001,Quinninup,-34.445522,116.233982,150.0,WA Department of Primary Industries and Regional Development (DPIRD),DPIRD,2014-10-15,,1.25,0.5,MEA Mk5 and 10m sonic wind,"[3, 10]",True,open,,J3431,"[{'rel': 'self', 'href': 'https://api.dpird.wa.gov.au/v2/weather/stations/QP001'}]",True,True,True,True,True,True,False,True,True,True,True,True,True,False,True,True,True,True,True,True,True,True
179,RA,Ravensthorpe,-33.435863,119.730175,320.0,WA Department of Primary Industries and Regional Development (DPIRD),DPIRD,2008-12-04,,1.25,0.5,Unidata NRL and SONIC @10m,"[3, 10]",True,open,"2 June 2023: Due to a failing battery onsite, live data will only be available between 8am-3.40pm until the battery can be changed in the next fortnight.",J3321,"[{'rel': 'self', 'href': 'https://api.dpird.wa.gov.au/v2/weather/stations/RA'}]",True,True,True,True,True,True,False,True,True,True,True,True,True,False,True,True,True,True,True,True,True,True
180,RA002,Ravensthorpe Dam #4,-33.636636,120.054372,235.0,Water Corporation (WaterCorp),WC,2019-11-04,,1.25,1.0,PDS YDOC 3G/4G,[3],True,open,,W0003,"[{'rel': 'self', 'href': 'https://api.dpird.wa.gov.au/v2/weather/stations/RA002'}]",True,True,True,True,True,True,False,True,False,True,True,True,False,False,True,True,True,True,True,True,True,True
181,RF001,Regans Ford,-31.00103,115.680233,89.0,WA Department of Primary Industries and Regional Development (DPIRD),DPIRD,2020-03-14,,1.25,1.0,PDS YDOC CATM1,[3],True,open,"The station was installed 14 March 2020. The data records prior to this date are from a test period at another site, which will be removed after a comparison analysis is completed.",P0017,"[{'rel': 'self', 'href': 'https://api.dpird.wa.gov.au/v2/weather/stations/RF001'}]",True,True,True,True,True,True,False,True,False,True,True,True,False,False,True,True,True,True,True,True,True,True
182,LR001,Ridley North,-33.168906,121.918862,218.0,WA Department of Primary Industries and Regional Development (DPIRD),DPIRD,2019-10-16,,1.25,1.0,PDS YDOC CATM1,[3],True,open,WMO number 99451,P0013,"[{'rel': 'self', 'href': 'https://api.dpird.wa.gov.au/v2/weather/stations/LR001'}]",True,True,True,True,True,True,False,True,False,True,True,True,False,False,True,True,True,True,True,True,True,True
183,ROGR,Rolling Green,-31.69527,116.3184,315.0,"WA Department of Biodiversity, Conservation and Attractions (DBCA)",DBCA,2014-02-12,,1.25,0.5,Televent,[10],False,open,"Maintained by Department of Biodiversity, Conservation and Attractions.
24 Nov 2021: We and DBCA are aware of the significant outages at this station since May 2021. It is awaiting resolution by DBCA staff.",,"[{'rel': 'self', 'href': 'https://api.dpird.wa.gov.au/v2/weather/stations/ROGR'}]",True,True,True,True,False,True,True,True,False,False,True,False,True,False,True,True,True,True,True,True,True,True
184,RB001,Rosa Brook,-33.936255,115.219066,116.0,WA Department of Primary Industries and Regional Development (DPIRD),DPIRD,2012-12-14,,1.25,0.5,Unidata NRL,[3],True,open,,J3197,"[{'rel': 'self', 'href': 'https://api.dpird.wa.gov.au/v2/weather/stations/RB001'}]",True,True,True,True,True,True,False,True,True,True,True,True,False,False,True,True,True,True,True,True,True,True
185,SG,Salmon Gums,-32.997093,121.622136,245.0,WA Department of Primary Industries and Regional Development (DPIRD),DPIRD,2008-12-12,,1.25,0.5,Unidata NRL,[3],True,open,,J3290,"[{'rel': 'self', 'href': 'https://api.dpird.wa.gov.au/v2/weather/stations/SG'}]",True,True,True,True,True,True,False,True,True,True,True,True,False,False,True,True,True,True,True,True,True,True
186,SC,Scaddan,-33.426189,121.619638,200.0,WA Department of Primary Industries and Regional Development (DPIRD),DPIRD,2008-12-12,,1.25,0.5,Unidata NRL,[3],True,open,,J3289,"[{'rel': 'self', 'href': 'https://api.dpird.wa.gov.au/v2/weather/stations/SC'}]",True,True,True,True,True,True,False,True,True,True,True,True,False,False,True,True,True,True,True,True,True,True
187,SR001,Scott River,-34.25065,115.28935,25.0,WA Department of Primary Industries and Regional Development (DPIRD),DPIRD,2012-07-12,,1.25,0.5,Unidata NRL,[3],True,open,,J3123,"[{'rel': 'self', 'href': 'https://api.dpird.wa.gov.au/v2/weather/stations/SR001'}]",True,True,True,True,True,True,False,True,False,True,True,True,False,False,True,True,True,True,True,True,True,True
188,SH001,Shackleton,-31.9456,117.8383,266.0,WA Department of Primary Industries and Regional Development (DPIRD),DPIRD,2012-06-04,,1.25,0.5,Unidata NRL,[3],True,open,,J3094,"[{'rel': 'self', 'href': 'https://api.dpird.wa.gov.au/v2/weather/stations/SH001'}]",True,True,True,True,True,True,False,True,False,True,True,True,False,False,True,True,True,True,True,True,True,True
189,SP,South Perth,-31.991043,115.886068,21.0,WA Department of Primary Industries and Regional Development (DPIRD),DPIRD,2001-04-27,,1.25,0.5,Unidata NRL,[3],True,open,,J3207,"[{'rel': 'self', 'href': 'https://api.dpird.wa.gov.au/v2/weather/stations/SP'}]",True,True,True,True,True,True,False,True,True,True,True,True,False,False,True,True,True,True,True,True,True,True
190,SN001,Stirlings North,-34.22785,117.915,236.0,WA Department of Primary Industries and Regional Development (DPIRD),DPIRD,2012-11-30,,1.25,0.5,MEA,[3],True,open,,J3187,"[{'rel': 'self', 'href': 'https://api.dpird.wa.gov.au/v2/weather/stations/SN001'}]",True,True,True,True,True,True,False,True,False,True,True,True,False,False,True,True,True,True,True,True,True,True
191,PL001,Stirlings South,-34.553593,117.928297,147.0,WA Department of Primary Industries and Regional Development (DPIRD),DPIRD,2012-07-10,,1.25,0.5,Unidata NRL,[3],True,open,,J3124,"[{'rel': 'self', 'href': 'https://api.dpird.wa.gov.au/v2/weather/stations/PL001'}]",True,True,True,True,True,True,False,True,False,True,True,True,False,False,True,True,True,True,True,True,True,True
192,TA001,Tammin,-31.587308,117.47004,262.0,WA Department of Primary Industries and Regional Development (DPIRD),DPIRD,2014-11-14,,1.25,0.5,Unidata NRL,[3],True,open,,J3439,"[{'rel': 'self', 'href': 'https://api.dpird.wa.gov.au/v2/weather/stations/TA001'}]",True,True,True,True,True,True,False,True,True,True,True,True,False,False,True,True,True,True,True,True,True,True
193,TST01,Test Purposes Only,-32.012226,116.034012,184.0,CAUTION: Do not use these observations,DPIRDTST,2022-03-14,,1.25,0.5,,[3],False,open,"This is a testing site only, in use from time to time. Do not rely on the observations from this station, as the equipment in use is being tested and may be inaccurate.",J9999,"[{'rel': 'self', 'href': 'https://api.dpird.wa.gov.au/v2/weather/stations/TST01'}]",True,True,True,True,True,True,False,True,True,True,True,True,False,False,True,True,True,True,True,True,True,True
194,TST02,Testbed 2,-31.991043,115.8835,21.0,CAUTION: Do not use these observations,DPIRDTST,,,1.25,0.5,,"[3, 10]",False,open,,,"[{'rel': 'self', 'href': 'https://api.dpird.wa.gov.au/v2/weather/stations/TST02'}]",True,True,True,True,True,True,False,True,False,True,True,True,True,False,True,True,True,True,True,True,True,True
195,TST03,Testbed 3,-31.991043,115.88475,273.0,CAUTION: Do not use these observations,DPIRDTST,,,1.25,0.5,,"[3, 10]",False,open,,,"[{'rel': 'self', 'href': 'https://api.dpird.wa.gov.au/v2/weather/stations/TST03'}]",True,True,True,True,True,True,False,True,False,True,True,True,True,False,True,True,True,True,True,True,True,True
196,TST04,Testbed 4 (FR002),-32.0131,116.034012,,CAUTION: Do not use these observations,DPIRDTST,,,1.25,0.5,,[3],False,open,"This is a testing site only, in use from time to time. Do not rely on the observations from this station, as the equipment in use is being tested and may be inaccurate.",,"[{'rel': 'self', 'href': 'https://api.dpird.wa.gov.au/v2/weather/stations/TST04'}]",True,True,True,True,True,True,False,True,True,True,True,True,False,False,True,True,True,True,True,True,True,True
197,TST05,Testbed 5 (for Barker Sth),-32.014,116.034012,,CAUTION: Do not use these observations,DPIRDTST,,,1.25,0.5,,[3],False,open,"This is a testing site only, in use from time to time. Do not rely on the observations from this station, as the equipment in use is being tested and may be inaccurate.",,"[{'rel': 'self', 'href': 'https://api.dpird.wa.gov.au/v2/weather/stations/TST05'}]",True,True,True,True,True,True,False,True,True,True,True,True,False,False,True,True,True,True,True,True,True,True
198,TS001,Three Springs,-29.52322,115.85893,283.0,WA Department of Primary Industries and Regional Development (DPIRD),DPIRD,2012-11-29,,1.25,0.5,Unidata NRL,[3],True,open,,J3179,"[{'rel': 'self', 'href': 'https://api.dpird.wa.gov.au/v2/weather/stations/TS001'}]",True,True,True,True,True,True,False,True,False,True,True,True,False,False,True,True,True,True,True,True,True,True
199,WI,Tincurrin,-32.893437,117.77261,328.0,WA Department of Primary Industries and Regional Development (DPIRD),DPIRD,2008-11-23,,1.25,0.5,Unidata NRL,[3],True,open,"17 June 2022: Station renamed Tincurrin from Wickepin. It has not been moved.
2 May 2022: Station relocated a very small distance to get it out of a paddock.",J3299,"[{'rel': 'self', 'href': 'https://api.dpird.wa.gov.au/v2/weather/stations/WI'}]",True,True,True,True,True,True,False,True,True,True,True,True,False,False,True,True,True,True,True,True,True,True
200,TB001,Tone Bridge,-34.22258,116.70422,214.0,WA Department of Primary Industries and Regional Development (DPIRD),DPIRD,2014-10-23,,1.25,0.5,Unidata NRL,[3],True,open,,J3467,"[{'rel': 'self', 'href': 'https://api.dpird.wa.gov.au/v2/weather/stations/TB001'}]",True,True,True,True,True,True,False,True,True,True,True,True,False,False,True,True,True,True,True,True,True,True
201,TW001,Trayning West,-31.1151,117.7207,326.0,WA Department of Primary Industries and Regional Development (DPIRD),DPIRD,2012-06-28,,1.25,0.5,Unidata NRL,[3],True,open,Data Note 4 Dec 2015: rainfall recorded on 3 Dec 2015 is probably an error. 37mm is too high.,J3111,"[{'rel': 'self', 'href': 'https://api.dpird.wa.gov.au/v2/weather/stations/TW001'}]",True,True,True,True,True,True,False,True,False,True,True,True,False,False,True,True,True,True,True,True,True,True
202,TU003,Tunney West,-34.120578,117.339845,306.0,WA Department of Primary Industries and Regional Development (DPIRD),DPIRD,2022-04-26,,1.25,0.5,Unidata NRL,[3],True,open,26 April 2022: Weather station opened after relocation from original Tunney (TU001) location.,J3105,"[{'rel': 'self', 'href': 'https://api.dpird.wa.gov.au/v2/weather/stations/TU003'}]",True,True,True,True,True,True,False,True,False,True,True,True,False,False,True,True,True,True,True,True,True,True
203,VA,Vasse,-33.752861,115.359807,29.0,WA Department of Primary Industries and Regional Development (DPIRD),DPIRD,2000-08-28,,1.25,0.5,Unidata NRL,[3],True,open,"12 July 2021: Rainfall recordings since late May have been affected by a progressively worsening rain gauge blockage. We are endeavouring to have a maintenance visit this week.
Update 13 July 2021 - cleared by DPIRD staff.",J3200,"[{'rel': 'self', 'href': 'https://api.dpird.wa.gov.au/v2/weather/stations/VA'}]",True,True,True,True,True,True,False,True,True,True,True,True,False,False,True,True,True,True,True,True,True,True
204,WA001,Wagin,-33.317465,117.356935,255.0,WA Department of Primary Industries and Regional Development (DPIRD),DPIRD,2012-07-04,,1.25,0.5,Unidata NRL,[3],True,open,22 July 2022: Faulty Relative Humidity probe tip changed.,J3112,"[{'rel': 'self', 'href': 'https://api.dpird.wa.gov.au/v2/weather/stations/WA001'}]",True,True,True,True,True,True,False,True,False,True,True,True,False,False,True,True,True,True,True,True,True,True
205,WN,Wanneroo,-31.583153,115.694155,18.0,WA Department of Primary Industries and Regional Development (DPIRD),DPIRD,2006-03-01,,1.25,0.5,Unidata NRL,[3],True,open,,J3193,"[{'rel': 'self', 'href': 'https://api.dpird.wa.gov.au/v2/weather/stations/WN'}]",True,True,True,True,True,True,False,True,True,True,True,True,False,False,True,True,True,True,True,True,True,True
206,WR,Waroona,-32.856145,115.894339,25.0,Harvey Water,HW,2010-01-03,,1.25,0.5,Datataker 80,[3],True,open,Owned by Harvey Water. ,,"[{'rel': 'self', 'href': 'https://api.dpird.wa.gov.au/v2/weather/stations/WR'}]",True,True,True,True,True,True,False,True,True,True,True,True,False,False,True,True,True,True,True,True,True,True
207,ML001,Warradarge East,-30.039117,115.49881,296.0,WA Department of Primary Industries and Regional Development (DPIRD),DPIRD,2012-06-08,,1.25,0.5,Unidata NRL,[3],True,open,,J3118,"[{'rel': 'self', 'href': 'https://api.dpird.wa.gov.au/v2/weather/stations/ML001'}]",True,True,True,True,True,True,False,True,False,True,True,True,False,False,True,True,True,True,True,True,True,True
208,WO001,Watheroo,-30.30683,116.070767,329.0,WA Department of Primary Industries and Regional Development (DPIRD),DPIRD,2012-06-14,,1.25,0.5,Unidata NRL from 6 Sep 2023,[3],True,open,,J3095,"[{'rel': 'self', 'href': 'https://api.dpird.wa.gov.au/v2/weather/stations/WO001'}]",True,True,True,True,True,True,False,True,False,True,True,True,False,False,True,True,True,True,True,True,True,True
209,WT001,Wattleup,-32.16302,115.831704,27.0,WA Department of Primary Industries and Regional Development (DPIRD),DPIRD,2018-05-03,,1.25,0.5,Unidata NRL,[3],True,open,"Ex-Medina AWS, moved on 3 May 2018.",J3251,"[{'rel': 'self', 'href': 'https://api.dpird.wa.gov.au/v2/weather/stations/WT001'}]",True,True,True,True,True,True,False,True,True,True,True,True,False,False,True,True,True,True,True,True,True,True
210,WE,Wellstead,-34.489212,118.619261,122.0,WA Department of Primary Industries and Regional Development (DPIRD),DPIRD,2008-12-04,,1.25,0.5,MEA,[3],True,open,,J3311,"[{'rel': 'self', 'href': 'https://api.dpird.wa.gov.au/v2/weather/stations/WE'}]",True,True,True,True,True,True,False,True,True,True,True,True,False,False,True,True,True,True,True,True,True,True
211,WR001,West River,-33.736858,119.648352,287.0,WA Department of Primary Industries and Regional Development (DPIRD),DPIRD,2015-12-01,,1.25,0.5,Unidata NRL,[3],True,open,,J3456,"[{'rel': 'self', 'href': 'https://api.dpird.wa.gov.au/v2/weather/stations/WR001'}]",True,True,True,True,True,True,False,True,True,True,True,True,False,False,True,True,True,True,True,True,True,True
212,WS001,Westonia,-31.2283,118.5931,259.0,WA Department of Primary Industries and Regional Development (DPIRD),DPIRD,2012-06-28,,1.25,0.5,Unidata NRL,[3],True,open,,J3109,"[{'rel': 'self', 'href': 'https://api.dpird.wa.gov.au/v2/weather/stations/WS001'}]",True,True,True,True,True,True,False,True,False,True,True,True,False,False,True,True,True,True,True,True,True,True
213,EW,Wickepin East,-32.743018,117.863876,336.0,WA Department of Primary Industries and Regional Development (DPIRD),DPIRD,2008-11-22,,1.25,0.5,Unidata NRL,[3],True,open,,J3300,"[{'rel': 'self', 'href': 'https://api.dpird.wa.gov.au/v2/weather/stations/EW'}]",True,True,True,True,True,True,False,True,True,True,True,True,False,False,True,True,True,True,True,True,True,True
214,WI002,Wickepin North,-32.7202417,117.4948333,317.0,WA Department of Primary Industries and Regional Development (DPIRD),DPIRD,2016-04-19,,1.25,0.5,Unidata NRL with sonic @ 3m,[3],True,open,E-demonstration site,J3756,"[{'rel': 'self', 'href': 'https://api.dpird.wa.gov.au/v2/weather/stations/WI002'}]",True,True,True,True,True,True,False,True,True,True,True,True,False,False,True,True,True,True,True,True,True,True
215,WL001,Williams,-33.0368,116.8228,346.0,WA Department of Primary Industries and Regional Development (DPIRD),DPIRD,2014-11-11,,1.25,0.5,Unidata,[3],True,open,,J3433,"[{'rel': 'self', 'href': 'https://api.dpird.wa.gov.au/v2/weather/stations/WL001'}]",True,True,True,True,True,True,False,True,True,True,True,True,False,False,True,True,True,True,True,True,True,True
216,MR001,Wilyabrup,-33.7919,115.06367,110.0,WA Department of Primary Industries and Regional Development (DPIRD),DPIRD,2012-07-13,,1.25,0.5,Unidata NRL,[3],True,open,,J3125,"[{'rel': 'self', 'href': 'https://api.dpird.wa.gov.au/v2/weather/stations/MR001'}]",True,True,True,True,True,True,False,True,True,True,True,True,False,False,True,True,True,True,True,True,True,True
217,WH,Wongan Hills,-30.844029,116.728123,329.0,WA Department of Primary Industries and Regional Development (DPIRD),DPIRD,2002-03-12,,1.25,0.5,Unidata NRL,[3],True,open,,J3255,"[{'rel': 'self', 'href': 'https://api.dpird.wa.gov.au/v2/weather/stations/WH'}]",True,True,True,True,True,True,False,True,True,True,True,True,False,False,True,True,True,True,True,True,True,True
218,TW002,Wongoondy,-28.826389,115.513444,256.0,WA Department of Primary Industries and Regional Development (DPIRD),DPIRD,2019-10-03,,1.25,1.0,PDS YDOC CATM1,[3],True,open,"WMO number 99443;
16 Dec 2021: Awaiting resolution of power problems affecting the local Telstra cell tower;
28 Jul 2021: Weather Station relocated nearby to old location with better signal reception.",P0005,"[{'rel': 'self', 'href': 'https://api.dpird.wa.gov.au/v2/weather/stations/TW002'}]",True,True,True,True,True,True,False,True,False,True,True,True,False,False,True,True,True,True,True,True,True,True
219,WD001,Woodanilling,-33.5634,117.1732083,260.0,WA Department of Primary Industries and Regional Development (DPIRD),DPIRD,2016-04-19,,1.25,0.5,MEA Mk6 with sonic at 3m,[3],True,open,E-demonstration site,J3750,"[{'rel': 'self', 'href': 'https://api.dpird.wa.gov.au/v2/weather/stations/WD001'}]",True,True,True,True,True,True,False,True,True,True,True,True,False,False,True,True,True,True,True,True,True,True
220,MA003,Yanmah,-34.225653,116.017767,295.0,WA Department of Primary Industries and Regional Development (DPIRD),DPIRD,2012-12-20,,1.25,0.5,Unidata NRL,[3],True,open,,J3208,"[{'rel': 'self', 'href': 'https://api.dpird.wa.gov.au/v2/weather/stations/MA003'}]",True,True,True,True,True,True,False,True,False,True,True,True,False,False,True,True,True,True,True,True,True,True
221,YS,Yilgarn,-31.915622,119.256055,468.0,WA Department of Primary Industries and Regional Development (DPIRD),DPIRD,2008-11-01,,1.25,0.5,Unidata NRL,[3],True,open,,J3317,"[{'rel': 'self', 'href': 'https://api.dpird.wa.gov.au/v2/weather/stations/YS'}]",True,True,True,True,True,True,False,True,True,True,True,True,False,False,True,True,True,True,True,True,True,True
222,YE001,York East,-31.835878,116.921077,229.0,WA Department of Primary Industries and Regional Development (DPIRD),DPIRD,2013-11-08,,1.25,0.5,Unidata NRL,[3],True,open,14 July 2022: the station has been moved to the edge of the paddock.,J3292,"[{'rel': 'self', 'href': 'https://api.dpird.wa.gov.au/v2/weather/stations/YE001'}]",True,True,True,True,True,True,False,True,True,True,True,True,False,False,True,True,True,True,True,True,True,True
223,YU001,Yuna,-28.33763,114.9898,329.0,WA Department of Primary Industries and Regional Development (DPIRD),DPIRD,2012-06-21,,1.25,0.5,Unidata NRL,[3],True,open,,J3101,"[{'rel': 'self', 'href': 'https://api.dpird.wa.gov.au/v2/weather/stations/YU001'}]",True,True,True,True,True,True,False,True,False,True,True,True,False,False,True,True,True,True,True,True,True,True
224,YU002,Yuna NE,-28.200324,115.261614,267.0,WA Department of Primary Industries and Regional Development (DPIRD),DPIRD,2016-03-24,,1.25,0.5,Unidata NRL with sonic at 3m,[3],True,open,E-demonstration site,J3752,"[{'rel': 'self', 'href': 'https://api.dpird.wa.gov.au/v2/weather/stations/YU002'}]",True,True,True,True,True,True,False,True,True,True,True,True,False,False,True,True,True,True,True,True,True,True
